"Date","id","County","Overall","Incidence_vs_Active","Deaths","Recovered","Active","Quarantine_inbound","Quarantine_contact","Contracted.health.services","Acvtive_DPS","Acvtive_ZOL","Work","Academy","School","Dormitories","Weddings","Hotels","Public_Transport","Others"
2020-10-06,1,"Bochenski",518,"48,48",30,421,59,3,134,20,240,0,12,23,0,0,31,0,0,55
2020-10-06,2,"Brzeski",189,"20,28",2,156,29,3,35,58,12,2,2,0,0,0,0,21,0,56
2020-10-06,3,"Chrzanowski",202,"16,22",4,100,98,1,40,16,23,2,16,0,0,0,8,0,0,96
2020-10-06,4,"Dabrowski",74,"12,51",1,53,20,2,41,4,0,0,0,0,0,0,0,0,0,27
2020-10-06,5,"Gorlicki",191,"17,54",2,151,38,2,90,9,0,0,0,9,0,0,13,0,0,68
2020-10-06,6,"Krakowski",699,"25,03",6,581,112,6,177,45,14,0,11,4,0,0,2,4,0,436
2020-10-06,7,"Limanowski",878,"66,63/14,12",10,681,186,0,367,29,34,0,0,10,0,0,0,0,1,437
2020-10-06,8,"Miechowski",124,"25,40",1,78,45,0,37,0,0,0,3,0,0,0,0,0,0,84
2020-10-06,9,"Myslenicki",774,"60,66/23,04",2,478,294,0,235,28,24,0,76,15,0,0,2,0,0,394
2020-10-06,10,"Nowosadecki",1534,"70,76",28,1331,175,7,961,83,64,1,299,25,0,0,20,0,0,74
2020-10-06,11,"Nowotarski",1114,"58,09/21,33",21,681,409,2,392,83,25,0,34,7,0,0,0,0,1,570
2020-10-06,12,"Olkuski",209,"18,79",1,131,77,4,15,8,1,0,50,13,0,0,2,0,0,116
2020-10-06,13,"Oswiecimski",535,"34,86",8,406,121,2,220,42,2,0,0,0,0,0,0,0,0,269
2020-10-06,14,"Proszowicki",78,"18,05",3,58,17,2,8,9,27,0,0,0,0,0,0,0,0,32
2020-10-06,15,"Suski",437,"51,88",6,357,74,2,162,5,15,0,62,7,0,0,19,0,0,165
2020-10-06,16,"Tarnowski",360,"17,87",9,283,67,6,166,13,56,0,0,0,0,0,0,0,0,119
2020-10-06,17,"Tatrzanski",534,"78,45/26,74",8,342,182,2,181,45,39,0,39,29,0,0,0,0,0,199
2020-10-06,18,"Wadowicki",527,"32,94/11,81",9,329,189,0,206,42,53,0,16,11,0,0,0,0,0,199
2020-10-06,19,"Wielicki",415,"32,14",7,306,100,1,246,9,0,0,2,0,0,0,0,0,0,157
2020-10-06,20,"M.kraków",2630,"33,76",38,2122,469,33,519,210,3,16,51,13,0,32,34,32,0,1687
2020-10-06,21,"M.nowysacz",595,"71,01",17,503,75,3,326,33,106,0,114,4,0,0,7,0,0,2
2020-10-06,22,"M.tarnów",126,"11,62",1,85,40,8,27,8,0,0,0,0,0,0,0,0,83,0
2020-10-07,1,"Bochenski",528,"49,41",30,423,67,3,135,23,240,0,12,23,0,0,31,0,0,61
2020-10-07,2,"Brzeski",203,"21,78",2,156,43,3,37,63,12,2,2,0,0,0,0,21,0,63
2020-10-07,3,"Chrzanowski",213,"17,10",4,102,107,1,40,20,23,2,16,0,0,0,8,0,0,103
2020-10-07,4,"Dabrowski",76,"12,84",1,55,20,2,41,4,0,0,0,0,0,0,0,0,0,29
2020-10-07,5,"Gorlicki",195,"17,91",2,155,38,2,92,9,0,0,0,10,0,0,13,0,0,69
2020-10-07,6,"Krakowski",718,"25,71",6,612,100,6,177,45,14,0,12,4,0,0,2,4,0,454
2020-10-07,7,"Limanowski",887,"67,32/13,51",10,698,178,0,367,29,34,0,0,10,0,0,0,0,1,446
2020-10-07,8,"Miechowski",124,"25,40",1,78,45,0,37,0,0,0,3,0,0,0,0,0,0,84
2020-10-07,9,"Myslenicki",807,"63,24/25,16",2,484,321,0,239,29,24,0,76,16,0,0,2,0,0,421
2020-10-07,10,"Nowosadecki",1549,"71,45",28,1345,176,7,967,85,64,1,303,27,0,0,20,0,0,75
2020-10-07,11,"Nowotarski",1131,"58,97/21,22",21,700,407,2,394,83,25,0,35,7,0,0,0,0,1,584
2020-10-07,12,"Olkuski",219,"19,69",1,141,77,4,15,8,1,1,51,15,0,0,2,0,0,122
2020-10-07,13,"Oswiecimski",544,"35,44",8,411,125,2,220,42,4,0,0,0,0,0,0,0,0,276
2020-10-07,14,"Proszowicki",80,"18,51",3,58,19,2,8,9,27,0,0,0,0,0,0,0,0,34
2020-10-07,15,"Suski",456,"54,14/10,57",7,360,89,2,162,5,15,0,62,7,0,0,19,0,0,184
2020-10-07,16,"Tarnowski",362,"17,97",9,283,69,6,166,13,56,0,0,0,0,0,0,0,0,121
2020-10-07,17,"Tatrzanski",548,"80,50/28,06",9,346,191,2,181,50,39,0,39,32,0,0,0,0,0,205
2020-10-07,18,"Wadowicki",532,"33,25/11,75",9,335,188,0,206,43,53,0,16,12,0,0,0,0,0,202
2020-10-07,19,"Wielicki",430,"33,30",7,306,115,1,246,9,0,0,2,0,0,0,0,0,0,172
2020-10-07,20,"M.kraków",2769,"35,54",39,2261,468,33,519,210,4,16,54,13,0,32,34,32,0,1822
2020-10-07,21,"M.nowysacz",600,"71,60",18,514,68,3,330,33,106,0,115,4,0,0,7,0,0,2
2020-10-07,22,"M.tarnów",129,"11,89",1,85,43,8,27,8,0,0,0,0,0,0,0,0,0,86
2020-10-08,1,"Bochenski",541,"50,63",30,425,78,3,136,24,240,0,12,23,0,0,31,0,0,72
2020-10-08,2,"Brzeski",209,"22,42",2,156,49,3,37,64,13,2,2,0,0,0,0,21,0,67
2020-10-08,3,"Chrzanowski",229,"18,39",4,106,119,1,40,24,25,2,16,0,0,0,8,0,0,113
2020-10-08,4,"Dabrowski",81,"13,69",1,56,24,2,42,4,0,0,0,0,0,0,0,0,0,33
2020-10-08,5,"Gorlicki",199,"18,28",2,155,42,2,93,9,0,0,0,10,0,0,13,0,0,72
2020-10-08,6,"Krakowski",744,"26,64",6,643,95,6,181,45,14,0,12,4,0,0,2,4,0,476
2020-10-08,7,"Limanowski",909,"68,99/14,72",10,704,194,0,367,29,35,0,0,10,0,0,0,0,1,467
2020-10-08,8,"Miechowski",138,"28,27/11,88",1,79,58,0,42,0,0,0,3,0,0,0,0,0,0,93
2020-10-08,9,"Myslenicki",836,"65,52/27,19",2,487,347,0,244,29,24,0,76,16,0,0,2,0,0,445
2020-10-08,10,"Nowosadecki",1578,"72,79",28,1345,205,7,981,90,64,1,311,29,0,0,20,0,0,75
2020-10-08,11,"Nowotarski",1180,"61,53/22,26",24,726,427,2,398,83,25,0,41,8,0,0,0,0,1,622
2020-10-08,12,"Olkuski",236,"21,22",3,143,90,4,15,8,2,1,51,15,0,0,2,0,0,138
2020-10-08,13,"Oswiecimski",558,"36,36",10,414,134,2,220,50,4,0,0,0,0,0,0,0,0,282
2020-10-08,14,"Proszowicki",86,"19,90",3,58,25,2,8,9,27,0,0,0,0,0,0,0,0,40
2020-10-08,15,"Suski",500,"59,36/15,67",7,361,132,2,163,5,27,0,70,11,0,0,19,0,0,203
2020-10-08,16,"Tarnowski",368,"18,26",9,291,67,6,170,14,56,0,0,0,0,0,0,0,0,122
2020-10-08,17,"Tatrzanski",567,"83,29/28,94",10,357,197,2,182,51,39,0,40,37,0,0,0,0,0,216
2020-10-08,18,"Wadowicki",548,"34,25/12,19",11,341,195,0,207,44,53,NA,18,14,0,0,0,0,0,212
2020-10-08,19,"Wielicki",458,"35,47/11,07",7,306,143,1,249,11,0,0,5,2,0,0,0,0,0,190
2020-10-08,20,"M.kraków",2935,"37,67",41,2447,446,33,528,210,4,17,55,13,0,36,34,32,0,1973
2020-10-08,21,"M.nowysacz",610,"72,80",18,530,62,3,334,37,106,0,116,5,0,0,7,0,0,2
2020-10-08,22,"M.tarnów",138,"12,72",1,92,45,8,27,8,0,0,0,0,0,0,0,0,0,95
2020-10-09,1,"Bochenski",555,"51,94",30,443,74,3,141,24,240,0,12,23,0,0,31,0,0,81
2020-10-09,2,"Brzeski",218,"23,39",2,156,58,3,37,64,13,2,2,0,0,0,0,21,0,76
2020-10-09,3,"Chrzanowski",253,"20,32/11,16",5,109,139,1,40,25,25,2,16,0,0,0,8,0,0,136
2020-10-09,4,"Dabrowski",88,"14,87",1,57,30,2,44,4,0,0,1,0,0,0,0,0,0,37
2020-10-09,5,"Gorlicki",211,"19,38",2,155,54,2,94,10,0,0,0,10,0,0,13,0,0,82
2020-10-09,6,"Krakowski",768,"27,50",6,651,111,6,182,46,15,0,12,4,0,0,2,4,0,497
2020-10-09,7,"Limanowski",960,"72,86/18,37",10,707,242,0,368,32,38,0,0,12,0,0,0,0,1,509
2020-10-09,8,"Miechowski",150,"30,73/14,34",1,79,70,0,44,0,0,0,5,0,0,0,0,0,0,101
2020-10-09,9,"Myslenicki",881,"69,04/25,39",2,555,324,0,247,29,24,0,76,16,0,0,2,0,0,487
2020-10-09,10,"Nowosadecki",1610,"74,26/10,47",28,1355,227,7,1005,90,64,1,314,33,0,0,20,0,0,76
2020-10-09,11,"Nowotarski",1235,"64,40/24,25",24,743,465,2,401,90,25,8,46,8,0,0,0,0,1,654
2020-10-09,12,"Olkuski",255,"22,93",3,150,102,4,15,8,2,1,51,16,0,0,2,0,0,156
2020-10-09,13,"Oswiecimski",578,"37,66",13,415,150,2,221,51,5,0,0,0,0,0,0,0,0,299
2020-10-09,14,"Proszowicki",94,"21,75",3,60,31,2,8,9,27,0,0,0,0,0,0,0,0,48
2020-10-09,15,"Suski",570,"67,67/23,74",7,363,200,2,171,11,69,0,71,14,0,0,19,0,0,213
2020-10-09,16,"Tarnowski",381,"18,91",9,291,80,6,177,14,56,0,0,0,0,0,0,0,0,128
2020-10-09,17,"Tatrzanski",600,"88,14/32,32",10,367,220,2,181,58,39,0,40,42,0,0,0,0,0,238
2020-10-09,18,"Wadowicki",578,"36,12/14,06",11,341,225,0,216,48,53,0,20,16,0,0,0,0,0,225
2020-10-09,19,"Wielicki",481,"37,25/12,39",7,312,160,1,250,11,0,0,5,2,0,0,0,0,0,212
2020-10-09,20,"M.kraków",3136,"40,25",41,2475,619,33,531,218,90,17,55,13,0,36,34,32,0,2077
2020-10-09,21,"M.nowysacz",624,"74,47",18,530,76,3,345,37,106,0,119,5,0,0,7,0,0,2
2020-10-09,22,"M.tarnów",146,"13,46",1,92,53,8,31,8,0,0,0,0,0,0,0,0,0,99
2020-10-11,1,"Bochenski",582,"54,46",30,444,100,3,142,31,240,0,13,23,0,0,31,0,0,99
2020-10-11,2,"Brzeski",235,"25,21",2,161,70,3,37,66,13,2,2,0,0,0,0,21,0,91
2020-10-11,3,"Chrzanowski",279,"22,40/12,77",5,115,159,1,40,25,25,2,16,0,0,0,8,0,0,162
2020-10-11,4,"Dabrowski",97,"16,39",2,60,35,2,49,4,0,0,1,0,0,0,0,0,0,41
2020-10-11,5,"Gorlicki",243,"22,32",2,159,82,2,102,17,0,0,0,10,0,0,13,0,0,99
2020-10-11,6,"Krakowski",835,"29,90",6,663,166,6,182,48,15,0,13,4,0,0,2,4,0,561
2020-10-11,7,"Limanowski",1026,"77,87/20,87",11,739,275,0,369,52,39,0,0,12,0,0,0,0,1,553
2020-10-11,8,"Miechowski",183,"37,49/19,87",1,85,97,0,47,0,0,0,14,0,0,0,0,0,0,122
2020-10-11,9,"Myslenicki",979,"76,72/31,50",2,575,402,0,248,42,24,0,80,18,0,0,2,0,0,565
2020-10-11,10,"Nowosadecki",1673,"77,17/12,73",31,1366,276,7,1043,96,64,1,321,38,0,0,20,0,0,83
2020-10-11,11,"Nowotarski",1317,"68,67/27,53",24,761,528,2,409,90,25,28,68,8,0,0,0,0,1,686
2020-10-11,12,"Olkuski",314,"28,23/12,77",3,169,142,4,15,9,2,1,56,16,0,0,2,0,0,209
2020-10-11,13,"Oswiecimski",632,"41,18/12,77",13,423,196,2,221,52,26,0,0,0,0,0,0,0,0,331
2020-10-11,14,"Proszowicki",102,"23,60",3,64,35,2,8,10,27,0,0,0,0,0,0,0,0,55
2020-10-11,15,"Suski",612,"72,66/27,42",8,372,231,2,174,13,69,7,71,19,0,0,19,0,0,238
2020-10-11,16,"Tarnowski",415,"20,60",9,303,102,6,187,14,56,0,15,0,0,0,0,0,0,137
2020-10-11,17,"Tatrzanski",642,"94,31/33,64",10,400,229,2,181,74,41,0,41,45,0,0,0,0,0,258
2020-10-11,18,"Wadowicki",633,"39,56/16,56",11,356,265,0,220,55,54,0,22,20,0,0,0,0,0,262
2020-10-11,19,"Wielicki",513,"39,73/14,48",7,317,187,1,254,11,0,0,7,2,0,0,0,0,0,238
2020-10-11,20,"M.kraków",3532,"45,33/12,23",41,2537,953,33,532,226,90,17,57,13,0,36,34,32,0,2462
2020-10-11,21,"M.nowysacz",658,"78,53/12,29",18,537,103,3,360,39,106,0,125,7,0,0,7,1,0,10
2020-10-11,22,"M.tarnów",186,"17,15",1,100,85,8,43,17,0,0,5,0,0,0,0,0,0,113
2020-10-12,1,"Bochenski",591,"55,31/10,20",30,444,109,3,143,31,240,0,13,23,0,0,31,0,0,107
2020-10-12,2,"Brzeski",246,"26,39",2,161,81,3,37,66,13,2,2,0,0,0,0,21,0,102
2020-10-12,3,"Chrzanowski",299,"24,01/14,37",5,115,179,1,40,26,25,2,16,0,0,0,8,0,0,181
2020-10-12,4,"Dabrowski",102,"17,24",2,62,38,2,49,4,0,0,1,0,0,0,0,0,0,46
2020-10-12,5,"Gorlicki",269,"24,70",2,159,108,2,97,24,0,0,0,10,0,0,20,0,0,116
2020-10-12,6,"Krakowski",915,"32,77",7,662,246,6,182,48,15,0,13,4,0,0,2,4,0,641
2020-10-12,7,"Limanowski",1045,"79,31/21,33",11,752,281,0,369,52,39,0,0,12,0,0,0,0,1,572
2020-10-12,8,"Miechowski",187,"38,31/20,28",1,87,99,0,48,0,0,0,14,0,0,0,0,0,0,125
2020-10-12,9,"Myslenicki",1018,"79,78/34,56",2,575,441,0,252,42,27,0,85,21,0,0,2,0,0,589
2020-10-12,10,"Nowosadecki",1701,"78,46/13,65",31,1374,296,7,1061,100,64,1,325,40,0,0,20,0,0,83
2020-10-12,11,"Nowotarski",1356,"70,71/29,56",24,761,567,2,410,90,25,28,77,8,0,0,0,0,1,715
2020-10-12,12,"Olkuski",332,"29,85/14,12",3,172,157,4,15,9,4,1,64,17,0,0,2,0,0,216
2020-10-12,13,"Oswiecimski",642,"41,83/13,42",13,423,206,2,221,55,26,0,0,0,0,0,0,0,0,338
2020-10-12,14,"Proszowicki",106,"24,52",3,64,39,2,8,10,27,0,0,0,0,0,0,0,0,59
2020-10-12,15,"Suski",637,"75,62/28,61",8,387,241,2,178,13,69,7,71,21,0,0,19,0,0,257
2020-10-12,16,"Tarnowski",425,"21,09",9,303,112,6,191,14,56,0,15,0,0,0,0,0,0,143
2020-10-12,17,"Tatrzanski",675,"99,16/36,58",10,413,249,2,181,79,41,0,43,49,0,0,0,0,0,280
2020-10-12,18,"Wadowicki",645,"40,31/17,31",11,356,277,0,220,56,54,0,22,20,0,0,0,0,0,273
2020-10-12,19,"Wielicki",529,"40,96/15,72",7,317,203,1,254,11,0,0,7,2,0,0,1,0,0,253
2020-10-12,20,"M.kraków",3800,"48,77/15,67",41,2537,1221,33,532,226,90,17,57,13,0,36,34,32,0,2730
2020-10-12,21,"M.nowysacz",663,"79,12/12,89",18,537,108,3,360,43,106,0,126,7,0,0,7,1,0,10
2020-10-12,22,"M.tarnów",195,"17,98",1,100,94,8,45,17,0,0,9,0,0,0,0,0,0,116
2020-10-13,1,"Bochenski",612,"57,27/11,98",30,446,128,3,145,32,240,0,13,23,0,0,31,0,0,125
2020-10-13,2,"Brzeski",250,"26,82",2,163,83,3,37,66,13,2,2,0,0,0,0,21,0,106
2020-10-13,3,"Chrzanowski",307,"24,65/14,94",5,116,186,1,40,26,25,2,16,4,0,0,8,0,0,185
2020-10-13,4,"Dabrowski",105,"17,74",4,63,38,2,51,4,0,0,1,0,0,0,0,0,0,47
2020-10-13,5,"Gorlicki",290,"26,63/10,93",2,168,119,2,99,30,0,0,0,10,0,0,20,0,0,129
2020-10-13,6,"Krakowski",1004,"35,95/10,89",7,693,304,6,175,47,15,0,13,4,0,0,2,4,0,738
2020-10-13,7,"Limanowski",1109,"84,17/24,89",12,768,328,0,373,78,39,0,0,12,0,0,0,0,1,606
2020-10-13,8,"Miechowski",206,"42,20/23,56",1,90,115,0,49,0,7,0,16,0,0,0,0,0,0,134
2020-10-13,9,"Myslenicki",1044,"81,82/36,52",3,575,466,0,252,42,27,0,85,21,0,0,2,0,0,615
2020-10-13,10,"Nowosadecki",1734,"79,98/15,04",35,1373,326,7,1077,100,64,1,330,48,0,0,20,0,0,87
2020-10-13,11,"Nowotarski",1403,"73,16/32,02",24,761,614,2,411,90,25,31,84,9,0,0,0,0,1,750
2020-10-13,12,"Olkuski",347,"31,20/15,20",3,175,169,4,16,9,4,1,65,18,0,0,2,0,0,228
2020-10-13,13,"Oswiecimski",654,"42,61/14,07",13,425,216,2,221,55,26,4,0,0,0,0,0,0,0,346
2020-10-13,14,"Proszowicki",115,"26,61/10,64",3,66,46,2,8,10,27,0,3,0,0,0,0,0,0,65
2020-10-13,15,"Suski",674,"80,02/32,17",8,394,271,2,184,13,69,7,71,23,0,0,19,0,0,286
2020-10-13,16,"Tarnowski",439,"21,79",9,303,126,6,198,14,56,0,17,0,0,0,0,0,0,148
2020-10-13,17,"Tatrzanski",680,"99,89/36,14",11,420,246,2,181,81,41,0,43,50,0,0,0,0,0,282
2020-10-13,18,"Wadowicki",688,"43,00/20,00",11,356,320,0,226,56,54,0,25,23,0,0,0,0,0,304
2020-10-13,19,"Wielicki",537,"41,58/16,26",8,317,210,1,254,11,0,0,7,2,0,0,2,0,0,260
2020-10-13,20,"M.kraków",4187,"53,74/17,89",41,2751,1394,33,500,226,90,17,58,13,0,36,34,32,0,3148
2020-10-13,21,"M.nowysacz",680,"81,15/14,92",18,537,125,3,369,43,106,0,129,12,0,0,7,1,0,10
2020-10-13,22,"M.tarnów",211,"19,45/10,14",1,100,110,8,53,17,0,0,9,0,0,0,0,0,0,124
2020-10-14,1,"Bochenski",629,"58,86/13,10",31,450,140,3,145,33,240,0,13,23,0,0,31,0,0,141
2020-10-14,2,"Brzeski",257,"27,57",3,164,88,3,37,66,13,2,2,0,0,0,0,21,0,113
2020-10-14,3,"Chrzanowski",325,"26,10/15,82",8,120,197,1,40,26,25,2,16,4,0,0,8,0,0,203
2020-10-14,4,"Dabrowski",113,"19,10",4,63,46,2,51,6,0,0,2,0,0,0,0,0,0,52
2020-10-14,5,"Gorlicki",311,"28,56/12,58",3,168,137,2,99,44,0,0,0,10,0,0,20,0,0,136
2020-10-14,6,"Krakowski",1110,"39,75/13,07",7,738,365,6,167,45,15,0,13,4,0,0,2,4,0,854
2020-10-14,7,"Limanowski",1121,"85,08/24,13",13,789,318,0,375,78,39,0,0,12,0,0,0,0,1,616
2020-10-14,8,"Miechowski",261,"53,46/34,41",1,92,168,0,49,0,57,0,16,0,0,0,0,0,0,139
2020-10-14,9,"Myslenicki",1093,"85,66/40,28",4,575,514,0,259,45,27,0,86,21,0,0,2,0,0,653
2020-10-14,10,"Nowosadecki",1787,"82,43/17,44",36,1373,378,7,1107,104,64,1,341,54,0,0,20,1,0,88
2020-10-14,11,"Nowotarski",1432,"74,67/32,54",27,776,624,2,411,91,25,31,91,9,0,0,0,0,1,771
2020-10-14,12,"Olkuski",371,"33,36/16,99",3,179,189,4,16,9,4,1,67,19,0,0,2,0,0,249
2020-10-14,13,"Oswiecimski",671,"43,72/14,85",14,429,228,2,223,55,26,6,0,0,0,0,0,0,0,359
2020-10-14,14,"Proszowicki",119,"27,53/10,87",3,69,47,2,8,10,27,0,3,0,0,0,0,0,0,69
2020-10-14,15,"Suski",707,"83,93/34,90",8,404,294,2,189,24,69,7,79,24,0,0,19,0,0,294
2020-10-14,16,"Tarnowski",459,"22,78",9,303,146,6,206,14,56,0,21,0,0,0,0,0,0,156
2020-10-14,17,"Tatrzanski",703,"103,27/37,02",12,436,252,2,181,88,42,0,43,54,0,0,0,0,0,293
2020-10-14,18,"Wadowicki",735,"45,94/21,69",13,374,347,0,227,56,54,0,26,24,0,0,0,0,0,348
2020-10-14,19,"Wielicki",587,"45,46/19,44",8,326,251,1,254,11,0,0,7,2,0,0,2,0,0,310
2020-10-14,20,"M.kraków",4682,"60,09/21,96",44,2926,1711,33,462,227,90,17,60,13,0,36,34,32,0,3678
2020-10-14,21,"M.nowysacz",706,"84,25/18,02",18,537,151,3,387,45,106,0,134,13,0,0,7,1,0,10
2020-10-14,22,"M.tarnów",234,"21,57/12,26",1,100,133,8,60,17,0,0,15,0,0,0,0,0,0,134
2020-10-15,1,"Bochenski",644,"60,27/14,41",32,450,154,3,148,34,240,0,13,23,0,0,31,0,0,152
2020-10-15,2,"Brzeski",276,"29,61/10,51",3,173,98,3,37,66,13,2,2,0,0,0,0,21,0,132
2020-10-15,3,"Chrzanowski",335,"26,90/16,14",8,126,201,1,40,26,25,2,16,4,0,0,8,0,0,213
2020-10-15,4,"Dabrowski",124,"20,96",4,65,55,2,52,6,0,0,2,0,0,0,0,0,0,62
2020-10-15,5,"Gorlicki",341,"31,32/15,06",3,171,164,2,100,60,0,0,0,10,0,0,20,0,0,149
2020-10-15,6,"Krakowski",1207,"43,22/15,86",8,756,443,6,167,46,15,0,13,4,0,0,2,4,0,950
2020-10-15,7,"Limanowski",1154,"87,58/26,33",13,793,347,0,378,78,39,0,0,12,0,0,0,0,1,646
2020-10-15,8,"Miechowski",318,"65,14/45,48",1,95,222,0,49,0,105,0,23,0,0,0,0,0,0,141
2020-10-15,9,"Myslenicki",1145,"89,73/34,17",4,705,436,0,260,46,27,0,86,21,0,0,2,0,0,703
2020-10-15,10,"Nowosadecki",1833,"84,55/19,51",37,1373,423,7,1137,107,64,1,349,59,0,0,20,1,0,88
2020-10-15,11,"Nowotarski",1486,"77,48/33,74",27,802,647,2,415,92,25,31,96,10,0,0,0,0,1,814
2020-10-15,12,"Olkuski",391,"35,16/18,43",3,183,205,4,16,9,4,1,71,19,0,0,2,0,0,265
2020-10-15,13,"Oswiecimski",701,"45,67/16,22",16,436,249,2,224,55,27,6,0,0,0,0,0,0,0,387
2020-10-15,14,"Proszowicki",127,"29,38/12,49",4,69,54,2,8,10,27,0,3,0,0,0,0,0,0,77
2020-10-15,15,"Suski",749,"88,92/37,63",9,422,317,2,195,25,69,7,79,29,0,0,19,0,0,324
2020-10-15,16,"Tarnowski",485,"24,07",9,303,172,6,213,14,68,0,21,0,0,0,0,0,0,163
2020-10-15,17,"Tatrzanski",754,"110,77/44,51",12,436,303,2,181,94,42,0,47,63,0,0,0,0,0,325
2020-10-15,18,"Wadowicki",778,"48,62/24,00",14,379,384,0,227,58,54,0,26,28,0,0,0,0,0,385
2020-10-15,19,"Wielicki",632,"48,94/22,61",8,330,292,1,254,11,0,0,7,2,0,0,5,0,0,352
2020-10-15,20,"M.kraków",5222,"67,02/27,79",45,3011,2165,33,462,232,90,17,60,13,0,36,34,32,0,4213
2020-10-15,21,"M.nowysacz",749,"89,39/22,91",20,537,192,3,419,47,106,0,139,16,1,0,7,1,0,10
2020-10-15,22,"M.tarnów",265,"24,43/15,12",1,100,164,8,71,17,0,0,21,0,0,0,0,0,0,148
2020-10-16,1,"Bochenski",692,"64,76/18,62",32,453,199,3,153,36,240,0,13,24,0,0,31,0,0,192
2020-10-16,2,"Brzeski",285,"30,58/10,94",3,178,102,3,37,66,13,2,2,0,0,0,0,21,0,141
2020-10-16,3,"Chrzanowski",354,"28,43/17,02",8,134,212,1,40,26,25,2,16,4,0,0,8,0,0,232
2020-10-16,4,"Dabrowski",136,"22,98/11,15",4,66,66,2,53,6,0,0,2,0,0,0,0,0,0,73
2020-10-16,5,"Gorlicki",361,"33,15/16,81",3,171,183,2,106,63,0,0,0,13,0,0,20,0,0,157
2020-10-16,6,"Krakowski",1298,"46,48/16,37",10,831,457,6,167,46,15,0,13,4,0,0,2,4,0,1041
2020-10-16,7,"Limanowski",1238,"93,96/32,03",14,801,422,0,388,78,39,0,4,12,0,0,0,0,1,716
2020-10-16,8,"Miechowski",331,"67,80/47,73",3,95,233,0,49,0,105,0,23,0,0,0,0,0,0,154
2020-10-16,9,"Myslenicki",1225,"96,00/40,44",4,705,516,0,263,56,42,0,91,21,0,0,2,0,0,750
2020-10-16,10,"Nowosadecki",1891,"87,22/22,00",41,1373,477,7,1189,108,64,1,352,60,0,0,20,1,0,89
2020-10-16,11,"Nowotarski",1560,"81,34/36,03",27,828,691,2,420,106,25,43,98,10,0,0,0,0,1,855
2020-10-16,12,"Olkuski",431,"38,75/21,04",3,194,234,4,16,25,4,1,71,19,0,0,2,0,0,289
2020-10-16,13,"Oswiecimski",723,"47,11/16,61",20,448,255,2,224,55,27,7,0,0,0,0,0,0,0,408
2020-10-16,14,"Proszowicki",151,"34,94/17,82",4,70,77,2,8,11,27,0,3,0,0,0,0,0,0,100
2020-10-16,15,"Suski",796,"94,50/42,15",9,431,355,2,199,30,69,7,80,30,0,0,19,0,0,360
2020-10-16,16,"Tarnowski",512,"25,41",9,336,166,6,222,17,68,0,27,0,0,0,0,0,0,172
2020-10-16,17,"Tatrzanski",771,"113,26/42,90",15,460,292,2,181,98,42,0,47,69,0,0,0,0,0,332
2020-10-16,18,"Wadowicki",839,"52,44/27,75",15,379,444,0,227,60,54,0,26,31,0,0,0,0,0,441
2020-10-16,19,"Wielicki",676,"52,35/25,94",9,330,335,1,256,11,0,0,7,2,0,0,5,0,0,394
2020-10-16,20,"M.kraków",5484,"70,39/25,66",46,3438,1999,33,462,232,90,17,60,13,0,36,34,32,0,4475
2020-10-16,21,"M.nowysacz",770,"91,89/25,06",24,536,210,3,436,49,107,0,139,16,1,0,7,1,0,11
2020-10-16,22,"M.tarnów",297,"27,38/16,87",2,112,183,8,79,21,0,0,24,0,0,0,0,0,0,165
2020-10-17,1,"Bochenski",716,"67,00/20,68",32,455,221,3,154,36,240,0,13,24,0,0,31,0,0,215
2020-10-17,2,"Brzeski",308,"33,05/12,12",4,189,113,3,37,66,13,2,2,0,0,0,0,21,0,164
2020-10-17,3,"Chrzanowski",391,"31,40/19,67",8,138,245,1,40,26,25,2,16,4,0,0,8,0,0,269
2020-10-17,4,"Dabrowski",149,"25,18/12,84",4,69,76,2,55,6,0,0,3,0,0,0,0,0,0,83
2020-10-17,5,"Gorlicki",381,"34,99/18,00",3,178,196,2,111,68,0,0,0,13,0,0,20,0,0,167
2020-10-17,6,"Krakowski",1389,"49,74/17,40",10,893,486,6,167,46,15,0,13,4,0,0,2,4,0,1132
2020-10-17,7,"Limanowski",1298,"98,51/35,67",14,813,470,0,390,78,39,0,4,12,0,0,0,0,1,774
2020-10-17,8,"Miechowski",343,"70,26/48,55",6,100,237,0,50,0,105,0,23,0,0,0,0,0,0,165
2020-10-17,9,"Myslenicki",1297,"101,65/42,71",4,748,545,0,263,59,42,0,91,21,0,0,2,0,0,819
2020-10-17,10,"Nowosadecki",1918,"88,47/23,11",44,1373,501,7,1212,108,64,1,354,62,0,0,20,1,0,89
2020-10-17,11,"Nowotarski",1624,"84,68/38,27",28,847,734,2,422,115,25,43,100,11,0,0,0,0,1,905
2020-10-17,12,"Olkuski",464,"41,72/23,11",4,203,257,4,16,30,4,1,71,19,0,0,2,0,0,317
2020-10-17,13,"Oswiecimski",756,"49,26/18,37",20,454,282,2,224,55,27,7,0,0,0,0,0,0,0,441
2020-10-17,14,"Proszowicki",164,"37,94/20,13",4,73,87,2,8,11,27,0,4,0,0,0,0,0,0,112
2020-10-17,15,"Suski",879,"104,35/47,73",10,466,402,2,206,40,71,25,81,32,0,0,19,0,0,403
2020-10-17,16,"Tarnowski",537,"26,65",9,336,191,6,227,17,68,0,27,0,0,0,0,0,0,192
2020-10-17,17,"Tatrzanski",806,"118,40/45,98",20,469,313,2,181,106,42,0,47,73,0,0,0,0,0,355
2020-10-17,18,"Wadowicki",900,"56,25/29,50",15,412,472,0,227,60,54,0,26,33,0,0,0,0,0,500
2020-10-17,19,"Wielicki",691,"53,51/27,10",9,330,350,1,257,11,0,0,7,2,0,0,5,0,0,408
2020-10-17,20,"M.kraków",5967,"76,59/27,80",46,3754,2166,33,462,232,90,17,60,13,0,36,34,32,0,4958
2020-10-17,21,"M.nowysacz",777,"92,73/25,78",25,536,216,3,443,49,107,0,139,16,1,0,7,1,0,11
2020-10-17,22,"M.tarnów",320,"29,50/18,99",2,112,206,8,82,21,0,0,27,0,0,0,0,0,0,182
2020-10-18,1,"Bochenski",734,"68,69/22,18",32,457,237,3,156,37,240,0,13,24,0,0,31,0,0,230
2020-10-18,2,"Brzeski",323,"34,66/13,41",4,192,125,3,38,66,13,2,2,0,0,0,0,21,0,178
2020-10-18,3,"Chrzanowski",418,"33,56/21,44",9,142,267,1,40,26,25,2,16,4,0,0,8,0,0,296
2020-10-18,4,"Dabrowski",150,"25,35/12,00",5,74,71,2,55,6,0,0,3,0,0,0,0,0,0,84
2020-10-18,5,"Gorlicki",396,"36,37/17,82",3,195,194,2,111,71,0,0,0,14,0,0,20,0,0,178
2020-10-18,6,"Krakowski",1456,"52,14/19,45",10,903,543,6,167,46,15,0,13,4,0,0,2,4,0,1199
2020-10-18,7,"Limanowski",1327,"100,71/37,87",14,813,499,0,394,78,39,0,4,12,0,0,0,0,1,799
2020-10-18,8,"Miechowski",362,"74,15/52,44",6,100,256,0,54,0,105,0,23,0,0,0,0,0,0,180
2020-10-18,9,"Myslenicki",1370,"107,37/48,43",4,748,618,0,264,63,42,0,92,21,0,0,2,0,0,886
2020-10-18,10,"Nowosadecki",1947,"89,81/24,40",45,1373,529,7,1234,108,64,1,359,64,0,0,20,1,0,89
2020-10-18,11,"Nowotarski",1665,"86,82/40,41",28,847,775,2,423,126,25,43,101,11,0,0,0,0,1,933
2020-10-18,12,"Olkuski",508,"45,68/25,36",4,222,282,4,16,31,4,1,71,19,0,0,2,0,0,360
2020-10-18,13,"Oswiecimski",805,"52,45/21,37",20,457,328,2,224,55,27,8,0,0,0,0,0,0,0,489
2020-10-18,14,"Proszowicki",170,"39,33/20,59",4,77,89,2,8,11,27,0,4,0,0,0,0,0,0,118
2020-10-18,15,"Suski",928,"110,17/47,73",10,515,402,2,209,41,71,53,94,33,0,0,19,0,0,406
2020-10-18,16,"Tarnowski",563,"27,94/10,77",9,336,217,6,239,23,70,0,27,0,0,0,0,0,0,198
2020-10-18,17,"Tatrzanski",839,"123,25/50,83",20,469,346,2,184,115,42,0,47,75,0,0,0,0,0,374
2020-10-18,18,"Wadowicki",934,"58,37/30,94",15,423,495,0,227,61,54,0,26,37,0,0,0,0,0,529
2020-10-18,19,"Wielicki",691,"53,51/27,10",9,330,350,1,257,11,0,0,7,2,0,0,5,0,0,408
2020-10-18,20,"M.kraków",6291,"80,75/31,82",46,3765,2479,33,461,232,90,17,60,13,0,36,34,32,0,5283
2020-10-18,21,"M.nowysacz",788,"94,04/27,09",25,536,227,3,452,49,107,0,141,16,1,0,7,1,0,11
2020-10-18,22,"M.tarnów",344,"31,71/21,11",3,112,229,8,86,21,6,0,29,0,0,0,0,0,0,194
2020-10-19,1,"Bochenski",764,"71,50/24,71",33,459,264,3,156,37,240,0,13,25,0,0,31,0,0,259
2020-10-19,2,"Brzeski",328,"35,19/13,95",4,192,130,3,38,66,13,2,2,0,0,0,0,21,0,183
2020-10-19,3,"Chrzanowski",425,"34,13/22,00",9,142,274,1,40,26,25,2,16,4,0,0,8,0,0,303
2020-10-19,4,"Dabrowski",155,"26,19/12,67",5,75,75,2,55,6,0,0,3,0,0,0,0,0,0,89
2020-10-19,5,"Gorlicki",420,"38,57/20,02",3,195,218,2,113,79,0,0,0,14,0,0,20,0,0,192
2020-10-19,6,"Krakowski",1583,"56,69/21,95",10,960,613,6,167,46,15,0,13,4,0,0,2,4,0,1326
2020-10-19,7,"Limanowski",1402,"106,40/40,38",14,855,532,0,409,78,39,0,4,12,0,0,0,0,1,859
2020-10-19,8,"Miechowski",404,"82,76/61,04",6,100,298,0,54,0,146,0,23,0,0,0,0,0,0,181
2020-10-19,9,"Myslenicki",1441,"112,93/50,63",4,791,646,0,275,69,42,0,92,22,0,0,2,0,0,939
2020-10-19,10,"Nowosadecki",1981,"91,38/25,97",45,1373,563,7,1258,112,64,1,363,63,0,0,20,1,0,92
2020-10-19,11,"Nowotarski",1704,"88,85/40,78",28,879,782,2,423,129,26,46,104,11,0,0,0,0,1,962
2020-10-19,12,"Olkuski",526,"47,29/25,45",7,236,283,4,16,39,4,1,71,19,0,0,2,0,0,370
2020-10-19,13,"Oswiecimski",850,"55,38/24,30",20,457,373,2,234,55,27,9,0,0,0,0,0,0,0,523
2020-10-19,14,"Proszowicki",185,"42,80/23,83",4,78,103,2,8,11,27,0,4,0,0,0,0,0,0,133
2020-10-19,15,"Suski",971,"115,28/47,73",10,558,402,2,217,44,71,53,94,33,0,0,19,0,0,438
2020-10-19,16,"Tarnowski",599,"29,73/12,56",9,336,253,6,245,23,70,0,27,0,0,0,0,0,0,228
2020-10-19,17,"Tatrzanski",867,"127,37/54,94",20,469,374,2,184,121,42,0,48,82,0,0,0,0,0,388
2020-10-19,18,"Wadowicki",963,"60,19/30,25",15,463,484,0,227,61,54,0,26,39,0,0,0,0,0,556
2020-10-19,19,"Wielicki",691,"53,51/27,10",9,330,350,1,257,11,0,0,7,2,0,0,5,0,0,408
2020-10-19,20,"M.kraków",6780,"87,02/35,00",50,4002,2727,33,461,232,90,17,60,13,0,36,34,32,0,5772
2020-10-19,21,"M.nowysacz",797,"95,11/28,16",25,536,236,3,458,51,107,0,141,17,1,0,7,1,0,11
2020-10-19,22,"M.tarnów",374,"34,48/23,88",3,112,259,8,101,21,6,0,29,0,0,0,0,0,0,209
2020-10-20,1,"Bochenski",816,"76,36/29,38",33,461,314,3,161,38,240,0,13,26,0,0,31,0,0,304
2020-10-20,2,"Brzeski",361,"38,73/15,02",4,215,140,3,38,66,13,2,2,0,0,0,0,21,0,216
2020-10-20,3,"Chrzanowski",449,"36,05/23,53",9,147,293,1,40,26,25,2,16,4,0,0,8,0,0,327
2020-10-20,4,"Dabrowski",169,"28,56/14,36",5,79,85,2,56,6,0,0,3,0,0,0,0,0,0,102
2020-10-20,5,"Gorlicki",447,"41,05/22,78",3,192,248,2,113,81,0,0,0,14,0,0,20,0,0,217
2020-10-20,6,"Krakowski",1660,"59,45/21,70",12,1042,606,6,170,46,15,0,13,4,0,0,2,4,0,1400
2020-10-20,7,"Limanowski",1482,"112,47/45,00",14,874,593,0,419,78,41,0,4,12,0,0,0,0,1,927
2020-10-20,8,"Miechowski",442,"90,54/68,42",6,102,334,0,54,0,184,0,23,0,0,0,0,0,0,181
2020-10-20,9,"Myslenicki",1506,"118,03/55,72",4,791,711,0,275,74,49,0,92,22,1,0,4,0,0,989
2020-10-20,10,"Nowosadecki",2033,"93,77/28,18",49,1373,611,7,1302,112,64,2,365,67,0,0,20,1,0,93
2020-10-20,11,"Nowotarski",1784,"93,02/43,38",29,906,832,2,425,141,26,46,110,11,0,0,0,0,1,1022
2020-10-20,12,"Olkuski",554,"49,81/27,06",7,246,301,4,16,45,4,1,71,19,0,0,2,0,0,392
2020-10-20,13,"Oswiecimski",881,"57,40/26,19",20,459,402,2,236,55,27,22,0,0,0,0,0,0,0,539
2020-10-20,14,"Proszowicki",194,"44,88/24,29",4,85,105,2,8,11,27,0,4,0,0,0,0,0,0,142
2020-10-20,15,"Suski",1052,"124,89/53,42",10,591,450,2,235,45,71,53,104,35,0,0,19,0,0,488
2020-10-20,16,"Tarnowski",636,"31,56/14,29",11,336,288,6,261,23,70,0,31,0,0,0,0,0,0,245
2020-10-20,17,"Tatrzanski",907,"133,24/58,03",20,488,395,2,187,131,42,0,50,86,0,0,0,0,0,409
2020-10-20,18,"Wadowicki",1023,"63,94/34,00",15,463,544,0,227,68,54,0,26,40,0,0,0,0,0,608
2020-10-20,19,"Wielicki",754,"58,39/29,58",9,361,382,1,260,11,0,0,7,2,0,0,5,0,0,468
2020-10-20,20,"M.kraków",7310,"93,82/37,67",57,4317,2935,33,469,232,90,17,60,13,0,36,34,32,0,6294
2020-10-20,21,"M.nowysacz",817,"97,50/30,55",25,536,256,3,479,51,107,0,141,17,1,0,7,1,0,10
2020-10-20,22,"M.tarnów",419,"38,63/27,20",12,112,295,8,122,21,6,0,36,0,0,0,0,0,0,226
2020-10-21,1,"Bochenski",828,"77,49/30,13",33,465,322,3,161,40,240,0,13,26,0,0,31,0,0,314
2020-10-21,2,"Brzeski",388,"41,63/17,38",4,220,162,3,38,66,13,2,2,0,0,0,0,21,0,243
2020-10-21,3,"Chrzanowski",500,"40,15/26,98",9,155,336,1,40,26,25,2,16,4,0,0,8,0,0,378
2020-10-21,4,"Dabrowski",190,"32,11/17,58",6,80,104,2,56,20,0,0,3,0,0,0,0,0,0,109
2020-10-21,5,"Gorlicki",476,"43,72/25,35",3,192,276,2,113,86,0,0,5,16,0,0,20,0,0,234
2020-10-21,6,"Krakowski",1780,"63,74/24,03",12,1097,671,6,170,46,15,0,13,4,0,0,2,4,0,1520
2020-10-21,7,"Limanowski",1494,"113,38/44,93",14,887,592,0,419,78,41,0,4,12,0,0,0,0,1,939
2020-10-21,8,"Miechowski",485,"99,35/76,82",6,104,375,0,57,0,184,0,23,0,0,0,0,0,0,221
2020-10-21,9,"Myslenicki",1563,"122,49/54,62",4,862,697,0,280,76,49,0,92,22,1,0,4,0,0,1039
2020-10-21,10,"Nowosadecki",2085,"96,17/29,47",52,1394,639,7,1343,115,65,2,368,70,0,0,20,1,0,94
2020-10-21,11,"Nowotarski",1859,"96,93/46,04",29,930,883,2,434,143,26,46,113,11,0,0,0,0,1,1083
2020-10-21,12,"Olkuski",588,"52,87/28,50",8,263,317,4,16,48,4,1,71,19,0,0,2,0,0,423
2020-10-21,13,"Oswiecimski",933,"60,79/28,80",21,470,442,2,236,58,27,56,0,0,0,0,0,0,0,554
2020-10-21,14,"Proszowicki",199,"46,04/23,83",4,92,103,2,8,11,27,0,4,0,0,0,0,0,0,147
2020-10-21,15,"Suski",1067,"126,67/53,19",12,606,448,2,235,45,71,53,108,35,0,0,19,0,0,499
2020-10-21,16,"Tarnowski",673,"33,40/13,95",11,380,281,6,268,23,70,0,41,0,0,0,0,0,0,265
2020-10-21,17,"Tatrzanski",919,"135,00/58,32",21,497,397,2,187,132,42,0,50,86,0,0,0,0,0,420
2020-10-21,18,"Wadowicki",1076,"67,25/37,31",15,463,597,0,230,72,57,0,26,40,0,0,0,0,0,651
2020-10-21,19,"Wielicki",775,"60,01/31,05",9,363,401,1,260,11,0,0,7,2,0,0,5,0,0,489
2020-10-21,20,"M.kraków",7829,"100,49/40,48",62,4611,3154,33,469,232,101,17,60,13,0,36,34,32,0,6802
2020-10-21,21,"M.nowysacz",853,"101,80/34,73",25,537,291,3,505,54,107,0,146,17,2,0,7,1,0,11
2020-10-21,22,"M.tarnów",451,"41,58/26,92",12,147,292,8,135,21,6,0,40,0,0,0,0,0,0,241
2020-10-22,1,"Bochenski",855,"80,01/31,72",33,475,339,3,161,42,240,0,13,26,0,0,31,0,0,339
2020-10-22,2,"Brzeski",417,"44,74/18,99",4,234,177,3,38,82,14,2,2,0,0,0,0,21,0,255
2020-10-22,3,"Chrzanowski",532,"42,72/28,75",10,164,358,1,40,26,25,2,16,4,0,0,8,0,0,410
2020-10-22,4,"Dabrowski",203,"34,31/19,10",6,84,113,2,56,24,4,0,3,0,0,0,0,0,0,114
2020-10-22,5,"Gorlicki",508,"46,65/28,19",3,192,307,2,118,88,0,0,6,17,0,0,20,0,0,257
2020-10-22,6,"Krakowski",1984,"71,05/30,33",19,1118,847,6,170,46,15,0,13,4,0,0,2,4,0,1724
2020-10-22,7,"Limanowski",1519,"115,28/44,93",17,909,592,0,423,78,41,0,4,12,0,0,0,0,1,960
2020-10-22,8,"Miechowski",508,"104,06/81,53",6,104,398,0,63,0,184,0,23,0,0,0,0,0,0,238
2020-10-22,9,"Myslenicki",1609,"126,10/58,07",6,862,741,0,281,84,49,0,92,22,1,0,4,0,0,1076
2020-10-22,10,"Nowosadecki",2123,"97,93/30,26",54,1413,656,7,1373,115,65,2,374,72,0,0,20,1,0,94
2020-10-22,11,"Nowotarski",1948,"101,57/49,07",29,959,941,2,436,145,62,46,113,12,0,0,0,0,1,1131
2020-10-22,12,"Olkuski",623,"56,02/28,50",9,297,317,4,16,54,4,1,71,19,0,0,2,0,0,452
2020-10-22,13,"Oswiecimski",973,"63,39/31,34",22,470,481,2,236,61,27,58,0,0,0,0,0,0,0,589
2020-10-22,14,"Proszowicki",207,"47,89/24,52",4,97,106,2,8,11,27,0,5,0,0,0,0,0,0,154
2020-10-22,15,"Suski",1110,"131,78/54,97",13,633,463,2,240,45,71,53,108,35,0,0,19,0,0,537
2020-10-22,16,"Tarnowski",721,"35,78/14,94",12,407,301,6,296,23,70,0,46,0,0,0,0,0,0,280
2020-10-22,17,"Tatrzanski",925,"135,89/56,56",25,511,385,2,187,133,42,0,50,86,0,0,0,0,0,425
2020-10-22,18,"Wadowicki",1117,"69,81/39,31",15,472,629,0,230,82,57,0,26,40,0,0,0,0,0,682
2020-10-22,19,"Wielicki",855,"66,21/37,25",9,363,481,1,260,11,0,0,7,2,0,0,5,0,0,569
2020-10-22,20,"M.kraków",8234,"105,68/43,99",68,4737,3427,33,469,232,128,17,60,13,0,36,34,32,0,7180
2020-10-22,21,"M.nowysacz",876,"104,54/35,56",27,551,298,3,525,55,107,0,147,18,2,0,7,1,0,11
2020-10-22,22,"M.tarnów",495,"45,63/28,30",14,174,307,8,164,21,6,0,40,0,0,0,0,0,0,256
2020-10-23,1,"Bochenski",901,"84,32/35,65",34,478,381,3,161,49,240,0,13,26,0,0,31,0,0,378
2020-10-23,2,"Brzeski",441,"47,32/21,46",5,234,200,3,38,88,14,2,2,0,0,0,0,21,0,273
2020-10-23,3,"Chrzanowski",580,"46,57/31,56",11,176,393,1,40,26,25,2,16,4,0,0,8,0,0,458
2020-10-23,4,"Dabrowski",220,"37,18/21,46",6,87,127,2,56,24,4,0,6,0,0,0,0,0,0,128
2020-10-23,5,"Gorlicki",524,"48,12/29,57",3,192,322,2,119,97,0,0,6,17,0,0,20,0,0,263
2020-10-23,6,"Krakowski",2095,"75,03/29,80",19,1244,832,6,170,46,15,0,13,4,0,0,2,4,0,1835
2020-10-23,7,"Limanowski",1583,"120,14/49,10",17,918,647,0,434,78,41,0,4,12,0,0,0,0,1,1013
2020-10-23,8,"Miechowski",534,"109,39/86,24",6,107,421,0,68,0,184,0,23,0,0,0,0,0,0,259
2020-10-23,9,"Myslenicki",1657,"129,86/49,22",6,1023,628,0,283,87,50,0,92,22,1,0,4,0,0,1118
2020-10-23,10,"Nowosadecki",2180,"100,56/31,83",57,1433,690,7,1428,115,65,2,374,74,0,0,20,1,0,94
2020-10-23,11,"Nowotarski",2005,"104,55/50,00",29,998,959,2,438,148,62,46,117,15,0,0,0,0,1,1176
2020-10-23,12,"Olkuski",657,"59,07/29,49",12,317,328,4,16,58,4,1,71,19,0,0,2,0,0,482
2020-10-23,13,"Oswiecimski",1009,"65,74/32,90",22,482,505,2,236,63,27,59,0,0,0,0,0,0,0,622
2020-10-23,14,"Proszowicki",220,"50,90/27,30",4,98,118,2,8,12,33,0,5,0,0,0,0,0,0,160
2020-10-23,15,"Suski",1169,"138,78/60,31",14,646,508,2,253,45,71,53,108,35,0,0,19,0,0,583
2020-10-23,16,"Tarnowski",790,"39,21/18,36",12,407,370,6,330,23,70,0,46,0,0,0,0,0,0,315
2020-10-23,17,"Tatrzanski",943,"138,53/54,65",25,542,372,2,189,137,42,0,51,90,0,0,0,0,0,432
2020-10-23,18,"Wadowicki",1191,"74,43/42,81",15,490,685,0,230,85,57,0,26,41,0,0,0,0,0,752
2020-10-23,19,"Wielicki",904,"70,00/40,96",10,363,529,1,260,11,0,0,7,2,0,0,5,0,0,618
2020-10-23,20,"M.kraków",8842,"113,49/45,62",72,5214,3554,33,469,232,128,17,60,13,0,36,34,32,0,7788
2020-10-23,21,"M.nowysacz",912,"108,84/37,23",30,570,312,3,558,56,108,0,148,18,2,0,7,1,0,11
2020-10-23,22,"M.tarnów",539,"49,69/32,36",14,174,351,8,187,21,6,0,40,0,0,0,0,0,0,277
2020-10-24,NA,NA,NA,NA,NA,NA,NA,NA,NA,NA,NA,NA,NA,NA,NA,NA,NA,NA,NA,NA
2020-10-25,NA,NA,NA,NA,NA,NA,NA,NA,NA,NA,NA,NA,NA,NA,NA,NA,NA,NA,NA,NA
2020-10-26,1,"Bochenski",969,"90,68/41,83",34,480,447,3,172,49,240,0,13,26,0,0,31,0,0,435
2020-10-26,2,"Brzeski",504,"54,08/28,22",5,234,263,3,38,92,15,3,2,0,0,0,0,21,0,330
2020-10-26,3,"Chrzanowski",665,"53,40/36,29",12,201,452,1,40,26,25,2,16,4,0,0,8,0,0,543
2020-10-26,4,"Dabrowski",302,"51,04/31,94",6,107,189,2,56,27,27,1,7,0,0,0,0,0,0,182
2020-10-26,5,"Gorlicki",620,"56,94/38,39",3,192,418,2,129,127,0,0,11,19,0,0,20,0,0,312
2020-10-26,6,"Krakowski",2386,"85,45/34,13",22,1410,953,6,170,46,15,0,13,4,0,0,2,4,0,2126
2020-10-26,7,"Limanowski",1781,"135,17/56,62",18,1016,746,0,458,95,41,0,4,12,0,0,0,0,1,1170
2020-10-26,8,"Miechowski",611,"125,16/101,40",6,110,495,0,82,0,184,0,23,0,0,0,0,0,0,322
2020-10-26,9,"Myslenicki",1897,"148,67/65,36",7,1056,834,0,298,109,56,0,99,24,1,0,4,0,0,1306
2020-10-26,10,"Nowosadecki",2418,"111,53/40,27",64,1481,873,7,1620,120,69,2,384,91,0,0,20,1,0,104
2020-10-26,11,"Nowotarski",2188,"114,09/54,38",29,1097,1043,2,448,164,106,46,119,19,0,0,0,0,1,1283
2020-10-26,12,"Olkuski",752,"67,62/29,67",13,409,330,4,16,80,4,1,71,19,0,0,2,0,0,555
2020-10-26,13,"Oswiecimski",1104,"71,93/37,66",22,504,578,2,238,63,27,59,0,0,0,0,0,0,0,715
2020-10-26,14,"Proszowicki",263,"60,85/27,07",4,142,117,2,9,12,33,0,6,0,0,0,0,0,0,201
2020-10-26,15,"Suski",1403,"166,56/72,18",14,780,608,2,270,70,71,53,114,35,0,0,19,0,0,769
2020-10-26,16,"Tarnowski",924,"45,86/23,82",12,431,480,6,372,31,70,0,46,0,0,0,0,0,0,399
2020-10-26,17,"Tatrzanski",1085,"159,39/70,81",25,574,482,2,194,168,42,0,51,102,0,0,0,0,0,526
2020-10-26,18,"Wadowicki",1351,"84,43/50,56",15,526,809,0,242,95,64,0,26,46,0,0,0,0,0,878
2020-10-26,19,"Wielicki",924,"71,55/41,97",11,369,542,1,260,11,7,1,7,2,0,0,5,0,0,630
2020-10-26,20,"M.kraków",9804,"125,84/49,00",81,5903,3818,33,469,232,128,17,60,13,0,36,34,32,0,8750
2020-10-26,21,"M.nowysacz",1041,"124,23/50,00",31,591,419,3,647,60,115,0,167,25,3,0,7,1,0,13
2020-10-26,22,"M.tarnów",649,"59,83/40,66",15,193,441,8,233,21,6,4,40,0,0,0,0,0,0,337
2020-10-27,1,"Bochenski",1074,"100,51/51,28",34,484,548,3,196,49,240,0,13,26,0,0,31,0,0,516
2020-10-27,2,"Brzeski",527,"56,54/30,69",5,234,286,3,38,92,15,3,2,0,0,0,0,21,0,353
2020-10-27,3,"Chrzanowski",694,"55,73/37,98",13,208,473,1,40,26,25,2,16,4,0,0,8,0,0,572
2020-10-27,4,"Dabrowski",325,"54,92/34,64",6,114,205,2,56,33,27,1,7,0,0,0,0,0,0,199
2020-10-27,5,"Gorlicki",654,"60,06/41,33",3,194,450,2,130,136,0,0,12,19,0,0,20,0,0,335
2020-10-27,6,"Krakowski",2487,"89,06/34,81",23,1491,972,6,170,46,15,0,13,4,0,0,2,4,0,2227
2020-10-27,7,"Limanowski",1890,"143,44/63,37",19,1035,835,0,475,99,47,0,4,12,0,0,0,0,1,1252
2020-10-27,8,"Miechowski",635,"130,07/106,31",6,110,519,0,87,0,184,0,23,0,0,0,0,0,0,341
2020-10-27,9,"Myslenicki",1976,"154,86/61,52",11,1180,785,0,299,110,75,0,99,24,1,0,4,0,0,1364
2020-10-27,10,"Nowosadecki",2501,"115,36/42,67",70,1506,925,7,1702,121,69,2,384,91,0,0,20,1,0,104
2020-10-27,11,"Nowotarski",2261,"117,89/55,01",29,1158,1055,2,456,177,106,46,119,23,0,0,0,0,1,1331
2020-10-27,12,"Olkuski",812,"73,01/32,55",13,437,362,4,16,83,4,1,71,19,0,0,2,0,0,612
2020-10-27,13,"Oswiecimski",1125,"73,30/38,83",22,507,596,2,240,63,27,59,0,0,0,0,0,0,0,734
2020-10-27,14,"Proszowicki",271,"62,70/26,61",4,152,115,2,9,12,33,0,6,0,0,0,0,0,0,209
2020-10-27,15,"Suski",1444,"171,43/69,09",15,846,582,2,270,70,71,53,114,35,0,0,19,0,0,810
2020-10-27,16,"Tarnowski",995,"49,38/25,06",12,477,505,6,388,31,70,0,46,0,0,0,0,0,0,454
2020-10-27,17,"Tatrzanski",1144,"168,06/74,04",25,611,504,2,197,175,42,0,51,104,0,0,0,0,0,573
2020-10-27,18,"Wadowicki",1511,"94,43/60,44",17,526,967,0,242,100,65,0,26,49,0,0,0,0,0,1029
2020-10-27,19,"Wielicki",1024,"79,30/49,72",11,369,642,1,261,11,22,29,10,2,0,0,5,0,0,683
2020-10-27,20,"M.kraków",10365,"133,04/51,11",82,6299,3982,33,469,232,139,17,60,13,0,36,34,32,0,9300
2020-10-27,21,"M.nowysacz",1104,"131,75/55,02",33,610,461,3,705,61,115,0,170,26,3,0,7,1,0,13
2020-10-27,22,"M.tarnów",706,"65,09/42,41",15,231,460,8,257,21,6,4,40,0,0,0,0,0,0,370
2020-10-28,1,"Bochenski",1142,"106,87/47,54",35,591,508,3,196,49,240,0,13,26,0,0,31,0,0,584
2020-10-28,2,"Brzeski",577,"61,91/34,33",5,250,320,3,38,92,15,3,2,0,0,0,0,21,0,403
2020-10-28,3,"Chrzanowski",752,"60,38/41,51",13,222,517,1,40,26,25,2,16,4,0,0,8,0,0,630
2020-10-28,4,"Dabrowski",340,"57,46/35,32",7,124,209,2,57,33,27,1,7,0,0,0,0,0,0,213
2020-10-28,5,"Gorlicki",704,"64,65/45,64",3,194,497,2,135,145,0,0,12,21,0,0,20,0,0,369
2020-10-28,6,"Krakowski",2635,"94,36/35,78",28,1607,999,6,170,46,15,0,13,4,0,0,2,4,0,2375
2020-10-28,7,"Limanowski",1993,"151,26/68,38",22,1069,901,0,481,99,47,0,7,12,0,0,0,0,1,1346
2020-10-28,8,"Miechowski",657,"134,58/110,82",6,110,541,0,95,0,184,0,23,0,0,0,0,0,0,355
2020-10-28,9,"Myslenicki",2084,"163,32/69,98",11,1180,893,0,305,120,75,0,102,24,1,0,4,0,0,1453
2020-10-28,10,"Nowosadecki",2683,"123,76/48,52",80,1551,1052,7,1877,124,70,2,386,93,0,0,20,1,0,103
2020-10-28,11,"Nowotarski",2338,"121,91/56,68",30,1202,1087,2,461,185,108,46,119,24,0,0,0,0,1,1392
2020-10-28,12,"Olkuski",871,"78,32/31,65",14,505,352,4,16,84,4,1,71,19,0,0,2,0,0,670
2020-10-28,13,"Oswiecimski",1180,"76,88/41,96",22,514,644,2,244,63,27,59,0,0,0,0,0,0,0,785
2020-10-28,14,"Proszowicki",303,"70,10/33,09",5,155,143,2,10,12,34,0,6,0,0,0,0,0,0,239
2020-10-28,15,"Suski",1513,"179,62/71,35",15,896,601,2,270,70,71,53,114,35,0,0,19,0,0,879
2020-10-28,16,"Tarnowski",1048,"52,01/27,44",17,477,553,6,414,31,70,0,48,0,0,0,0,0,0,479
2020-10-28,17,"Tatrzanski",1199,"176,14/78,45",25,635,534,2,198,193,42,0,51,104,0,0,0,0,0,609
2020-10-28,18,"Wadowicki",1641,"102,56/68,50",18,526,1096,0,244,105,72,0,26,56,0,0,0,0,0,1138
2020-10-28,19,"Wielicki",1060,"82,08/52,50",11,369,678,1,265,11,22,29,10,2,0,0,5,0,0,715
2020-10-28,20,"M.kraków",10979,"140,92/52,84",90,6770,4117,33,469,232,139,17,60,13,0,36,34,32,0,9914
2020-10-28,21,"M.nowysacz",1187,"141,66/63,13",37,621,529,3,787,61,115,0,170,26,3,0,7,1,0,14
2020-10-28,22,"M.tarnów",804,"74,12/51,35",17,230,557,8,293,21,33,4,40,0,0,0,0,0,0,405
2020-10-29,1,"Bochenski",1217,"113,89/54,56",35,591,583,3,199,49,240,0,13,26,0,0,31,0,0,656
2020-10-29,2,"Brzeski",628,"67,38/38,41",5,263,358,3,38,92,15,3,2,0,0,0,0,21,0,454
2020-10-29,3,"Chrzanowski",799,"64,16/45,29",13,222,564,1,40,26,25,2,16,4,0,0,8,0,0,677
2020-10-29,4,"Dabrowski",379,"64,05/40,90",7,130,242,2,59,37,28,1,7,0,0,0,0,0,0,245
2020-10-29,5,"Gorlicki",766,"70,35/51,34",3,194,559,2,148,158,0,0,12,24,0,0,20,0,0,402
2020-10-29,6,"Krakowski",2785,"99,74/39,39",28,1656,1100,6,170,46,26,0,13,4,0,0,2,4,0,2514
2020-10-29,7,"Limanowski",2044,"155,13/68,46",24,1117,902,0,485,99,47,0,7,12,0,0,0,0,1,1393
2020-10-29,8,"Miechowski",684,"140,11/116,35",6,110,568,0,95,0,184,0,23,0,0,0,0,0,0,382
2020-10-29,9,"Myslenicki",2194,"171,94/65,60",11,1346,837,0,308,124,76,1,104,25,1,0,4,0,0,1551
2020-10-29,10,"Nowosadecki",2756,"127,12/48,20",82,1629,1045,7,1946,124,71,2,388,93,0,0,20,1,0,104
2020-10-29,11,"Nowotarski",2448,"127,64/60,43",31,1238,1159,2,470,199,112,48,119,25,0,0,0,0,1,1472
2020-10-29,12,"Olkuski",908,"81,64/32,91",14,528,366,4,16,84,4,1,71,19,0,0,2,0,0,707
2020-10-29,13,"Oswiecimski",1220,"79,49/43,46",27,526,667,2,244,64,27,59,0,0,0,0,0,0,0,824
2020-10-29,14,"Proszowicki",347,"80,28/38,18",6,176,165,2,10,12,48,0,6,NA,NA,NA,NA,NA,NA,269
2020-10-29,15,"Suski",1576,"187,10/72,30",15,951,609,2,270,70,71,53,114,35,NA,NA,19,NA,NA,942
2020-10-29,16,"Tarnowski",1104,"54,79/27,20",18,537,548,6,444,31,70,NA,48,NA,NA,NA,NA,NA,NA,505
2020-10-29,17,"Tatrzanski",1270,"186,57/81,24",26,686,553,2,202,212,42,0,53,105,0,0,0,0,0,654
2020-10-29,18,"Wadowicki",1756,"109,75/74,68",21,539,1195,0,244,107,92,0,26,63,0,0,0,0,0,1224
2020-10-29,19,"Wielicki",1110,"85,96/56,30",12,369,727,1,265,11,33,33,10,2,0,0,5,0,0,750
2020-10-29,20,"M.kraków",11496,"147,55/56,64",106,6975,4413,33,469,232,140,17,60,13,0,36,34,32,0,10430
2020-10-29,21,"M.nowysacz",1237,"147,62/66,23",40,642,555,3,816,61,137,0,170,26,3,0,7,1,0,13
2020-10-29,22,"M.tarnów",893,"82,33/56,97",18,257,618,8,322,21,33,4,40,0,0,0,0,0,0,465
2020-10-30,1,"Bochenski",1287,"120,44/61,11",35,591,653,3,202,49,240,0,13,26,0,0,31,0,0,723
2020-10-30,2,"Brzeski",654,"70,17/37,12",5,301,346,3,38,92,15,3,2,0,0,0,0,21,0,480
2020-10-30,3,"Chrzanowski",855,"68,65/47,62",13,249,593,1,40,26,25,2,16,4,0,0,8,0,0,733
2020-10-30,4,"Dabrowski",433,"73,17/48,84",7,137,289,2,59,37,28,1,7,0,0,0,0,0,0,299
2020-10-30,5,"Gorlicki",819,"75,22/56,11",4,194,611,2,158,164,0,0,12,24,0,0,20,0,0,439
2020-10-30,6,"Krakowski",2885,"103,32/39,25",30,1758,1096,6,170,46,26,0,13,4,0,0,2,4,0,2614
2020-10-30,7,"Limanowski",2132,"161,80/73,77",25,1134,972,0,485,99,48,0,7,12,0,0,0,0,1,1480
2020-10-30,8,"Miechowski",729,"149,33/125,57",6,110,613,0,100,0,184,0,23,0,0,0,0,0,0,422
2020-10-30,9,"Myslenicki",2234,"175,08/58,46",14,1474,746,0,309,125,77,1,104,26,1,0,4,0,0,1587
2020-10-30,10,"Nowosadecki",2903,"133,90/51,98",85,1691,1127,7,2093,124,71,2,388,93,0,0,20,1,0,104
2020-10-30,11,"Nowotarski",2516,"131,19/61,63",32,1282,1182,2,473,209,113,48,121,26,0,0,0,0,1,1523
2020-10-30,12,"Olkuski",973,"87,49/34,62",17,571,385,4,16,84,4,1,71,19,0,0,2,0,0,772
2020-10-30,13,"Oswiecimski",1288,"83,92/47,04",32,534,722,2,244,65,27,59,0,0,0,0,0,0,0,891
2020-10-30,14,"Proszowicki",390,"90,23/46,97",7,180,203,2,10,12,59,0,6,0,0,0,0,0,0,301
2020-10-30,15,"Suski",1627,"193,16/75,62",15,974,637,2,270,70,72,53,114,35,0,0,19,0,0,992
2020-10-30,16,"Tarnowski",1167,"57,92/30,27",19,537,610,6,470,31,70,0,48,0,0,0,0,0,0,542
2020-10-30,17,"Tatrzanski",1303,"191,41/81,09",31,715,552,2,206,212,42,0,55,105,0,0,0,0,0,681
2020-10-30,18,"Wadowicki",1897,"118,56/83,43",22,539,1335,0,244,116,96,0,26,68,0,0,0,0,0,1347
2020-10-30,19,"Wielicki",1143,"88,51/58,85",12,369,760,1,265,11,33,33,10,2,0,0,5,0,0,783
2020-10-30,20,"M.kraków",12012,"154,17/56,90",123,7453,4433,33,469,232,152,17,60,13,0,36,34,32,0,10934
2020-10-30,21,"M.nowysacz",1337,"159,56/73,51",42,679,616,3,916,61,137,0,170,26,3,0,7,1,0,13
2020-10-30,22,"M.tarnów",947,"87,31/61,77",20,257,670,8,334,33,33,4,40,0,0,0,0,0,0,495
2020-10-31,1,"Bochenski",1383,"129,42/70,09",35,591,749,3,219,49,240,0,13,26,0,0,31,0,0,802
2020-10-31,2,"Brzeski",709,"76,07/35,94",8,364,335,3,38,92,19,3,2,0,0,0,0,21,0,531
2020-10-31,3,"Chrzanowski",883,"70,90/46,01",13,297,573,1,40,26,25,2,16,4,0,0,8,0,0,761
2020-10-31,4,"Dabrowski",487,"82,30/54,08",12,155,320,2,59,37,28,1,7,0,0,0,0,0,0,353
2020-10-31,5,"Gorlicki",892,"81,92/62,82",4,194,684,2,162,188,0,0,12,24,0,0,20,0,0,484
2020-10-31,6,"Krakowski",2992,"107,15/39,03",32,1869,1090,6,170,46,52,0,13,4,0,0,2,4,0,2695
2020-10-31,7,"Limanowski",2220,"168,48/79,08",29,1148,1042,0,485,100,48,0,9,12,0,0,0,0,1,1565
2020-10-31,8,"Miechowski",760,"155,68/131,92",6,110,644,0,100,0,184,0,23,0,0,0,0,0,0,453
2020-10-31,9,"Myslenicki",2303,"180,49/55,02",15,1586,702,0,310,131,98,1,104,29,2,0,4,0,0,1624
2020-10-31,10,"Nowosadecki",2985,"137,69/53,28",89,1741,1155,7,2175,124,71,2,388,93,0,0,20,1,0,104
2020-10-31,11,"Nowotarski",2576,"134,32/62,15",32,1332,1192,2,473,211,114,48,123,26,0,0,0,0,1,1578
2020-10-31,12,"Olkuski",1025,"92,16/33,72",20,630,375,4,16,88,4,1,71,19,0,0,2,0,0,820
2020-10-31,13,"Oswiecimski",1340,"87,30/49,65",32,546,762,2,244,65,27,59,0,0,0,0,0,0,0,943
2020-10-31,14,"Proszowicki",424,"98,10/53,45",7,186,231,2,10,20,70,0,6,0,0,0,0,0,0,316
2020-10-31,15,"Suski",1687,"200,28/81,20",17,985,684,2,270,70,72,53,114,35,0,0,19,0,0,1052
2020-10-31,16,"Tarnowski",1238,"61,44/33,80",19,537,681,6,504,31,70,0,48,0,0,0,0,0,0,579
2020-10-31,17,"Tatrzanski",1350,"198,32/84,91",31,736,578,2,210,217,42,0,55,108,0,0,0,0,0,716
2020-10-31,18,"Wadowicki",2048,"128,00/92,87",22,539,1486,0,244,119,101,NA,26,74,0,0,0,0,0,1484
2020-10-31,19,"Wielicki",1171,"90,68/60,94",13,369,787,1,265,11,39,33,10,2,0,0,5,0,0,805
2020-10-31,20,"M.kraków",12355,"158,58/55,04",134,7929,4288,33,469,232,173,17,60,13,0,36,34,32,0,11256
2020-10-31,21,"M.nowysacz",1382,"164,93/76,97",42,695,645,3,961,61,137,0,170,26,3,0,7,1,0,13
2020-10-31,22,"M.tarnów",1028,"94,77/69,24",20,257,751,8,334,69,33,4,40,0,0,0,0,0,0,540
2020-11-01,1,"Bochenski",1409,"131,86/72,53",35,591,775,3,221,49,240,0,13,26,0,0,31,0,0,826
2020-11-01,2,"Brzeski",745,"79,93/39,70",9,364,370,3,38,92,19,3,2,0,0,0,0,21,0,567
2020-11-01,3,"Chrzanowski",933,"74,92/47,54",13,328,592,1,40,26,25,2,16,4,0,0,8,0,0,811
2020-11-01,4,"Dabrowski",528,"89,23/59,32",12,165,351,2,59,38,28,1,7,0,0,0,0,0,0,393
2020-11-01,5,"Gorlicki",919,"84,40/53,36",4,324,581,2,169,191,0,0,13,24,0,0,20,0,0,500
2020-11-01,6,"Krakowski",3035,"108,69/40,57",32,1869,1133,6,170,46,52,0,13,4,0,0,2,4,0,2738
2020-11-01,7,"Limanowski",2264,"171,82/81,66",29,1158,1076,0,485,100,48,0,9,12,0,0,0,0,1,1609
2020-11-01,8,"Miechowski",786,"161,01/131,92",11,131,644,0,102,0,184,0,23,0,0,0,0,0,0,477
2020-11-01,9,"Myslenicki",2414,"189,18/63,48",18,1586,810,0,311,137,99,1,106,35,2,0,4,0,0,1719
2020-11-01,10,"Nowosadecki",3115,"143,68/56,64",90,1797,1228,7,2297,124,72,2,395,93,0,0,20,1,0,104
2020-11-01,11,"Nowotarski",2648,"138,07/64,71",35,1351,1241,2,478,211,114,49,125,28,0,0,0,0,1,1640
2020-11-01,12,"Olkuski",1075,"96,66/33,90",22,676,377,4,16,88,4,1,71,19,0,0,2,0,0,870
2020-11-01,13,"Oswiecimski",1377,"89,72/50,23",32,574,771,2,244,65,27,59,0,0,0,0,0,0,0,980
2020-11-01,14,"Proszowicki",478,"110,59/62,70",8,199,271,2,10,20,71,0,6,0,0,0,0,0,0,369
2020-11-01,15,"Suski",1733,"205,74/80,61",17,1036,679,2,270,70,73,53,114,35,0,0,19,0,0,1097
2020-11-01,16,"Tarnowski",1319,"65,46/32,80",19,638,661,6,537,31,70,0,48,0,0,0,0,0,0,627
2020-11-01,17,"Tatrzanski",1376,"202,14/83,59",31,771,569,2,214,221,42,0,60,108,0,0,0,0,0,729
2020-11-01,18,"Wadowicki",2141,"133,81/97,18",22,563,1555,0,244,120,101,0,26,79,0,0,0,0,0,1571
2020-11-01,19,"Wielicki",1171,"90,68/13,47",13,982,174,1,265,11,39,33,10,2,0,0,5,0,0,805
2020-11-01,20,"M.kraków",12702,"163,03/59,49",134,7929,4635,33,469,232,173,17,60,13,0,36,34,32,0,11603
2020-11-01,21,"M.nowysacz",1461,"174,36/81,39",43,736,682,3,1033,62,137,0,175,26,3,0,7,1,0,14
2020-11-01,22,"M.tarnów",1089,"100,40/66,56",20,347,722,8,361,69,33,4,40,0,0,0,0,0,0,574
2020-11-02,1,"Bochenski",1423,"133,17/73,84",35,591,789,3,222,49,240,0,13,26,0,0,31,0,0,839
2020-11-02,2,"Brzeski",751,"80,58/40,34",9,364,376,3,38,92,19,3,2,0,0,0,0,21,0,573
2020-11-02,3,"Chrzanowski",1004,"80,62/53,24",13,328,663,1,40,26,25,2,16,4,0,0,8,0,0,882
2020-11-02,4,"Dabrowski",536,"90,58/53,40",12,208,316,2,59,38,28,1,7,0,0,0,0,0,0,401
2020-11-02,5,"Gorlicki",985,"90,46/59,24",4,324,645,2,176,206,0,0,13,24,0,0,20,0,0,544
2020-11-02,6,"Krakowski",3138,"112,38/44,26",32,1869,1236,6,170,46,52,0,13,4,0,0,2,4,0,2841
2020-11-02,7,"Limanowski",2347,"178,12/85,53",29,1190,1127,0,486,100,48,0,9,12,0,0,0,0,1,1691
2020-11-02,8,"Miechowski",810,"165,92/136,83",11,131,668,0,106,0,184,0,23,0,0,0,0,0,0,497
2020-11-02,9,"Myslenicki",2480,"194,36/55,41",18,1755,707,0,317,143,99,1,106,37,2,0,4,0,0,1771
2020-11-02,10,"Nowosadecki",3299,"152,17/64,48",90,1811,1398,7,2461,129,76,2,403,95,NA,NA,20,1,NA,105
2020-11-02,11,"Nowotarski",2732,"142,45/67,42",35,1383,1293,2,483,217,114,49,130,28,0,0,0,0,1,1708
2020-11-02,12,"Olkuski",1115,"100,25/34,08",23,713,379,4,16,88,4,1,71,19,0,0,2,0,0,910
2020-11-02,13,"Oswiecimski",1392,"90,69/50,56",32,584,776,2,244,65,27,59,0,0,0,0,0,0,0,995
2020-11-02,14,"Proszowicki",534,"123,55/71,49",8,217,309,2,10,20,71,0,6,0,0,0,0,0,0,425
2020-11-02,15,"Suski",1802,"213,93/83,10",17,1084,700,2,270,70,73,53,114,35,0,0,19,0,0,1166
2020-11-02,16,"Tarnowski",1363,"67,64/34,84",22,638,702,6,554,31,70,NA,48,0,0,0,0,0,0,654
2020-11-02,17,"Tatrzanski",1407,"206,69/84,91",31,793,578,2,216,226,42,0,62,111,0,0,0,0,0,748
2020-11-02,18,"Wadowicki",2177,"136,06/95,37",25,625,1526,NA,249,122,101,NA,26,80,0,0,0,0,0,1599
2020-11-02,19,"Wielicki",1209,"93,62/16,42",13,982,212,1,266,11,39,33,10,2,0,0,5,0,0,842
2020-11-02,20,"M.kraków",13286,"170,53/66,99",134,7929,5219,33,469,232,173,17,60,13,0,36,34,32,0,12187
2020-11-02,21,"M.nowysacz",1537,"183,43/86,28",43,771,723,3,1104,62,137,0,180,26,3,0,7,1,0,14
2020-11-02,22,"M.tarnów",1137,"104,82/70,99",20,347,770,8,381,69,34,4,40,0,0,0,0,0,0,601
2020-11-03,1,"Bochenski",1511,"141,40/71,03",37,707,759,3,227,49,240,0,13,26,0,0,31,0,0,922
2020-11-03,2,"Brzeski",811,"87,02/46,78",9,364,436,3,38,92,19,3,2,0,0,0,0,21,0,633
2020-11-03,3,"Chrzanowski",1053,"84,55/53,96",13,368,672,1,40,26,25,2,16,4,0,0,8,0,0,931
2020-11-03,4,"Dabrowski",576,"97,34/57,29",12,225,339,2,59,38,28,1,7,0,0,0,0,0,0,441
2020-11-03,5,"Gorlicki",1065,"97,81/66,40",4,324,723,2,180,225,0,0,14,24,0,0,20,0,0,600
2020-11-03,6,"Krakowski",3310,"118,54/46,81",36,1966,1307,6,170,46,52,0,13,4,0,0,2,4,0,3013
2020-11-03,7,"Limanowski",2416,"183,36/87,35",29,1235,1151,0,487,100,48,0,11,12,0,0,0,0,1,1757
2020-11-03,8,"Miechowski",862,"176,57/147,49",11,131,720,0,118,0,184,0,23,0,0,0,0,0,0,537
2020-11-03,9,"Myslenicki",2591,"203,06/64,03",19,1755,817,0,319,145,130,1,106,37,2,0,4,0,0,1847
2020-11-03,10,"Nowosadecki",3446,"158,95/68,59",96,1863,1487,7,2604,129,76,2,405,95,0,0,20,1,0,107
2020-11-03,11,"Nowotarski",2803,"146,16/68,93",35,1425,1322,2,486,219,115,49,132,29,0,0,0,0,1,1770
2020-11-03,12,"Olkuski",1163,"104,57/33,36",23,769,371,4,16,88,4,1,71,19,0,0,2,0,0,958
2020-11-03,13,"Oswiecimski",1453,"94,67/54,27",34,586,833,2,246,65,27,59,0,0,0,0,0,0,0,1054
2020-11-03,14,"Proszowicki",593,"137,20/83,75",8,223,362,2,10,20,113,0,6,0,0,0,0,0,0,442
2020-11-03,15,"Suski",1890,"224,38/85,48",17,1152,720,2,270,70,87,53,114,35,0,0,19,0,0,1240
2020-11-03,16,"Tarnowski",1439,"71,42/38,61",22,638,778,6,572,31,70,0,48,0,0,0,0,0,0,712
2020-11-03,17,"Tatrzanski",1453,"213,45/90,79",31,799,618,2,219,231,43,0,65,112,0,0,0,0,0,781
2020-11-03,18,"Wadowicki",2341,"146,31/105,62",25,625,1690,0,249,122,101,0,26,80,0,0,0,0,0,1763
2020-11-03,19,"Wielicki",1234,"95,56/18,28",14,982,236,1,266,11,41,33,10,2,0,0,5,0,0,865
2020-11-03,20,"M.kraków",13768,"176,71/67,72",147,8341,5276,33,469,232,173,17,60,13,0,36,34,32,0,12669
2020-11-03,21,"M.nowysacz",1602,"191,18/91,06",46,793,763,3,1170,62,137,0,181,26,3,0,7,1,0,12
2020-11-03,22,"M.tarnów",1190,"109,71/75,87",20,347,823,8,400,69,34,4,44,0,0,0,0,0,0,631
2020-11-04,1,"Bochenski",1595,"149,26/78,70",39,707,841,3,233,49,240,0,13,26,0,0,31,0,0,1000
2020-11-04,2,"Brzeski",918,"98,50/58,26",9,364,543,3,38,92,19,3,2,0,0,0,0,21,0,740
2020-11-04,3,"Chrzanowski",1098,"88,17/56,61",13,380,705,1,40,26,25,2,16,4,0,0,8,0,0,976
2020-11-04,4,"Dabrowski",606,"102,41/57,63",13,252,341,2,59,38,28,1,7,0,0,0,0,0,0,471
2020-11-04,5,"Gorlicki",1125,"103,32/71,73",5,324,781,2,189,234,0,0,16,25,0,0,20,0,0,639
2020-11-04,6,"Krakowski",3518,"125,99/47,02",42,2162,1313,6,170,54,52,0,13,4,0,0,2,4,0,3213
2020-11-04,7,"Limanowski",2416,"183,36/87,35",29,1235,1151,0,487,100,48,0,11,12,0,0,0,0,1,1757
2020-11-04,8,"Miechowski",916,"187,64/158,55",11,131,774,0,120,0,184,0,23,0,0,0,0,0,0,589
2020-11-04,9,"Myslenicki",2705,"211,99/72,96",19,1755,931,0,319,145,130,1,106,37,2,0,4,0,0,1961
2020-11-04,10,"Nowosadecki",3615,"166,75/73,89",99,1914,1602,7,2770,130,76,2,407,96,0,0,20,1,0,106
2020-11-04,11,"Nowotarski",2890,"150,69/71,33",38,1463,1368,2,486,219,115,49,132,29,0,0,0,0,1,1857
2020-11-04,12,"Olkuski",1217,"109,43/33,72",25,817,375,4,16,88,4,1,71,19,0,0,2,0,0,1012
2020-11-04,13,"Oswiecimski",1513,"98,58/58,12",35,586,892,2,246,65,29,59,0,0,0,0,0,0,0,1112
2020-11-04,14,"Proszowicki",605,"139,98/83,99",9,233,363,2,10,20,115,0,6,0,0,0,0,0,0,452
2020-11-04,15,"Suski",1991,"236,37/90,35",17,1212,761,2,270,70,87,53,114,35,0,0,19,0,0,1341
2020-11-04,16,"Tarnowski",1583,"78,56/40,25",30,741,811,6,619,31,70,0,48,0,0,0,0,0,0,809
2020-11-04,17,"Tatrzanski",1491,"219,03/95,49",31,805,650,2,219,237,43,0,67,114,0,0,0,0,0,809
2020-11-04,18,"Wadowicki",2501,"156,31/115,62",25,625,1850,NA,254,124,102,NA,26,85,0,0,0,0,0,1910
2020-11-04,19,"Wielicki",1270,"98,35/20,83",17,982,269,1,266,11,41,33,10,2,0,0,5,0,0,901
2020-11-04,20,"M.kraków",14261,"183,04/72,62",167,8432,5658,33,469,242,173,17,60,13,0,36,34,32,0,13152
2020-11-04,21,"M.nowysacz",1679,"200,37/97,74",49,811,819,3,1244,62,138,0,182,26,3,0,7,1,0,13
2020-11-04,22,"M.tarnów",1302,"120,03/76,61",27,444,831,8,438,69,34,4,44,0,0,0,0,0,0,705
2020-11-05,1,"Bochenski",1675,"156,75/71,03",42,866,759,3,236,49,240,0,13,26,0,0,31,0,0,1077
2020-11-05,2,"Brzeski",957,"102,68/62,45",9,364,582,3,38,92,19,3,2,0,0,0,0,21,0,779
2020-11-05,3,"Chrzanowski",1112,"89,29/55,00",13,414,685,1,40,26,25,2,16,4,NA,NA,8,NA,NA,990
2020-11-05,4,"Dabrowski",681,"115,08/69,12",15,257,409,2,59,38,28,31,7,3,0,0,0,0,0,513
2020-11-05,5,"Gorlicki",1261,"115,81/76,78",7,402,836,2,200,229,19,22,19,28,NA,NA,20,NA,NA,722
2020-11-05,6,"Krakowski",3687,"132,04/48,81",48,2275,1363,6,170,62,52,0,13,4,0,0,2,4,0,3374
2020-11-05,7,"Limanowski",2540,"192,77/96,69",30,1235,1274,0,487,100,48,0,11,12,0,0,0,0,1,1881
2020-11-05,8,"Miechowski",971,"198,90/167,77",11,141,819,0,120,0,184,0,23,0,0,0,0,0,0,644
2020-11-05,9,"Myslenicki",2864,"224,45/71,79",19,1929,916,0,325,167,132,16,113,40,3,0,4,0,0,2064
2020-11-05,10,"Nowosadecki",3789,"174,77/79,66",101,1961,1727,7,2936,130,76,2,414,97,NA,NA,20,1,NA,106
2020-11-05,11,"Nowotarski",2981,"155,44/73,26",38,1517,1405,2,490,229,115,50,141,29,0,0,0,0,1,1924
2020-11-05,12,"Olkuski",1292,"116,17/36,95",25,856,411,4,16,88,4,1,71,19,0,0,2,0,0,1087
2020-11-05,13,"Oswiecimski",1583,"103,14/61,37",36,605,942,2,246,65,29,59,0,0,0,0,0,0,0,1182
2020-11-05,14,"Proszowicki",623,"144,14/83,29",9,254,360,2,10,20,115,0,6,NA,NA,NA,NA,NA,NA,470
2020-11-05,15,"Suski",2053,"243,73/90,82",17,1270,765,2,270,70,87,53,114,35,NA,NA,19,NA,NA,1403
2020-11-05,16,"Tarnowski",1734,"86,06/47,59",33,741,959,6,662,31,70,0,48,NA,NA,NA,NA,NA,NA,917
2020-11-05,17,"Tatrzanski",1519,"223,15/94,75",37,832,645,2,220,243,43,0,69,115,0,0,0,0,0,827
2020-11-05,18,"Wadowicki",2638,"164,87/124,18",25,625,1987,0,254,128,146,0,26,85,NA,NA,NA,NA,NA,1999
2020-11-05,19,"Wielicki",1372,"106,24/16,34",17,1142,211,1,266,11,44,33,12,2,0,0,5,0,0,998
2020-11-05,20,"M.kraków",14655,"188,10/71,22",175,8927,5549,33,469,272,214,33,60,13,0,36,34,32,0,13459
2020-11-05,21,"M.nowysacz",1731,"206,58/101,08",50,834,847,3,1290,64,139,NA,185,26,3,NA,7,1,NA,13
2020-11-05,22,"M.tarnów",1439,"132,66/89,15",28,444,967,8,479,69,34,4,44,NA,NA,NA,NA,NA,NA,801
2020-11-06,1,"Bochenski",1756,"164,33/78,52",43,866,839,3,240,49,240,0,13,26,0,0,31,0,0,1154
2020-11-06,2,"Brzeski",982,"105,36/56,54",14,439,527,3,38,92,19,3,2,0,0,0,0,21,0,804
2020-11-06,3,"Chrzanowski",1158,"92,99/55,49",13,454,691,1,40,27,25,2,16,4,0,0,8,0,0,1035
2020-11-06,4,"Dabrowski",721,"121,84/73,34",16,271,434,2,60,40,28,32,7,3,0,0,0,0,0,549
2020-11-06,5,"Gorlicki",1347,"123,71/76,04",8,494,828,2,203,234,56,23,21,29,0,0,20,0,0,759
2020-11-06,6,"Krakowski",4052,"145,11/54,90",53,2465,1533,6,170,65,58,3,13,4,0,0,2,4,0,3727
2020-11-06,7,"Limanowski",2627,"199,37/103,29",30,1235,1361,0,497,100,61,0,11,12,0,0,0,0,1,1945
2020-11-06,8,"Miechowski",1053,"215,70/184,56",11,141,901,0,123,0,184,0,23,0,0,0,0,0,0,723
2020-11-06,9,"Myslenicki",3001,"235,19/82,13",24,1929,1048,0,327,171,132,17,113,43,3,0,4,0,0,2191
2020-11-06,10,"Nowosadecki",3922,"180,91/84,32",108,1986,1828,7,3069,130,76,2,415,97,0,0,20,1,0,105
2020-11-06,11,"Nowotarski",3139,"163,68/79,15",39,1561,1518,2,493,235,115,50,143,31,0,0,0,0,1,2069
2020-11-06,12,"Olkuski",1401,"125,97/42,62",34,893,474,4,16,88,4,1,71,19,0,0,2,0,0,1196
2020-11-06,13,"Oswiecimski",1661,"108,22/66,46",36,605,1020,2,246,65,29,59,0,0,0,0,0,0,0,1260
2020-11-06,14,"Proszowicki",656,"151,77/85,84",9,276,371,2,10,20,127,0,6,0,0,0,0,0,0,491
2020-11-06,15,"Suski",2090,"248,12/85,95",30,1335,724,2,270,70,87,53,114,35,0,0,19,0,0,1440
2020-11-06,16,"Tarnowski",1809,"89,78/43,72",38,889,881,6,684,31,75,0,58,0,0,0,0,0,0,955
2020-11-06,17,"Tatrzanski",1553,"228,14/97,69",37,846,665,2,222,246,43,0,74,118,0,0,0,0,0,848
2020-11-06,18,"Wadowicki",2843,"177,68/135,43",25,650,2167,0,264,132,146,0,26,86,0,0,0,0,0,2189
2020-11-06,19,"Wielicki",1430,"110,74/14,33",25,1218,185,1,266,11,51,33,12,2,0,0,5,0,0,1049
2020-11-06,20,"M.kraków",15490,"198,82/65,36",186,10208,5092,33,469,287,236,62,60,13,0,36,34,32,0,14228
2020-11-06,21,"M.nowysacz",1791,"213,74/102,16",53,882,856,3,1347,65,140,0,185,26,3,0,7,1,0,14
2020-11-06,22,"M.tarnów",1490,"137,37/85,55",30,532,928,8,492,69,40,4,44,0,0,0,0,0,0,833
2020-11-07,1,"Bochenski",1816,"169,95/84,13",44,865,899,3,246,49,240,0,13,26,0,0,31,0,0,1208
2020-11-07,2,"Brzeski",1062,"113,95/65,13",14,439,607,3,38,92,19,3,2,0,0,0,0,21,0,884
2020-11-07,3,"Chrzanowski",1219,"97,88/58,14",14,481,724,1,40,27,25,2,16,4,NA,NA,8,NA,NA,1096
2020-11-07,4,"Dabrowski",761,"128,60/74,69",16,303,442,2,64,40,28,32,7,3,0,0,0,0,0,585
2020-11-07,5,"Gorlicki",1375,"126,28/76,04",8,522,828,2,205,237,59,23,23,31,0,0,20,0,0,775
2020-11-07,6,"Krakowski",4415,"158,11/61,17",54,2652,1708,6,170,71,59,3,13,4,0,0,2,4,0,4083
2020-11-07,7,"Limanowski",2669,"202,56/102,15",34,1288,1346,0,504,100,63,0,11,12,0,0,0,0,1,1978
2020-11-07,8,"Miechowski",1074,"220,00/188,86",11,141,922,0,127,0,219,0,23,0,0,0,0,0,0,705
2020-11-07,9,"Myslenicki",3166,"248,12/87,23",26,2027,1113,0,337,179,139,23,117,44,3,0,4,0,0,2320
2020-11-07,10,"Nowosadecki",4011,"185,01/87,50",112,2002,1897,7,3158,130,76,2,416,97,0,0,20,1,0,104
2020-11-07,11,"Nowotarski",3222,"168,00/80,40",39,1620,1542,2,497,236,115,50,143,32,0,0,0,0,1,2146
2020-11-07,12,"Olkuski",1509,"135,68/45,41",36,968,505,4,16,88,4,1,71,19,0,0,2,0,0,1304
2020-11-07,13,"Oswiecimski",1761,"114,73/72,45",36,613,1112,2,247,65,29,59,0,0,0,0,0,0,0,1359
2020-11-07,14,"Proszowicki",678,"156,86/86,99",9,293,376,2,10,20,127,0,6,0,0,0,0,0,0,513
2020-11-07,15,"Suski",2134,"253,35/87,14",30,1369,734,2,270,70,87,53,114,35,0,0,19,0,0,1484
2020-11-07,16,"Tarnowski",1866,"92,61/46,35",40,891,934,6,704,31,82,NA,58,0,0,0,0,0,0,985
2020-11-07,17,"Tatrzanski",1602,"235,34/95,78",37,908,652,2,223,249,43,0,82,121,0,0,0,0,0,882
2020-11-07,18,"Wadowicki",3056,"190,99/148,74",25,650,2380,0,275,136,148,0,26,88,0,0,0,0,0,2383
2020-11-07,19,"Wielicki",1530,"118,48/22,07",25,1218,285,1,266,11,51,33,12,2,0,0,5,0,0,1149
2020-11-07,20,"M.kraków",16088,"206,49/65,70",192,10773,5119,33,469,315,238,62,60,13,0,36,34,32,0,14796
2020-11-07,21,"M.nowysacz",1873,"223,52/108,84",57,904,912,3,1401,65,166,NA,186,26,3,0,7,1,0,15
2020-11-07,22,"M.tarnów",1535,"141,51/89,70",30,532,973,8,503,69,43,4,44,0,0,0,0,0,0,864
2020-11-08,1,"Bochenski",1846,"172,75/86,84",45,865,928,3,255,49,240,0,13,26,0,0,31,0,0,1229
2020-11-08,2,"Brzeski",1119,"120,06/67,60",23,464,630,3,38,92,19,3,2,0,0,0,0,21,0,941
2020-11-08,3,"Chrzanowski",1283,"103,02/60,06",14,521,748,1,40,27,25,2,16,4,0,0,8,0,0,1160
2020-11-08,4,"Dabrowski",781,"131,98/78,07",16,303,462,2,64,40,28,32,7,3,0,0,0,0,0,605
2020-11-08,5,"Gorlicki",1468,"134,82/84,58",8,522,921,2,220,241,74,24,25,33,NA,0,20,0,0,829
2020-11-08,6,"Krakowski",4841,"173,36/68,19",54,2881,1904,6,170,72,67,3,13,4,0,0,2,4,0,4500
2020-11-08,7,"Limanowski",2772,"210,38/109,89",35,1288,1448,0,518,100,63,0,11,12,0,0,0,0,1,2067
2020-11-08,8,"Miechowski",1103,"225,94/193,78",16,141,946,0,132,0,219,0,23,0,0,0,0,0,0,729
2020-11-08,9,"Myslenicki",3197,"250,55/89,50",28,2027,1142,0,346,181,139,23,117,44,3,0,4,0,0,2340
2020-11-08,10,"Nowosadecki",4090,"188,66/89,95",112,2028,1950,7,3226,136,78,2,420,97,NA,0,20,1,0,103
2020-11-08,11,"Nowotarski",3258,"169,88/79,83",39,1667,1531,2,497,238,115,50,144,32,0,0,0,0,1,2179
2020-11-08,12,"Olkuski",1611,"144,85/47,12",36,1051,524,4,16,88,68,1,71,19,0,0,2,0,0,1342
2020-11-08,13,"Oswiecimski",1861,"121,25/78,77",39,613,1209,2,248,65,30,59,0,0,0,0,0,0,0,1457
2020-11-08,14,"Proszowicki",695,"160,80/75,66",9,359,327,2,10,20,127,0,6,0,0,0,0,0,0,530
2020-11-08,15,"Suski",2238,"265,69/93,67",30,1418,789,2,270,70,87,53,114,35,0,0,19,0,0,1588
2020-11-08,16,"Tarnowski",2085,"103,48/53,60",43,961,1080,6,752,31,82,NA,58,0,0,0,0,0,0,1156
2020-11-08,17,"Tatrzanski",1631,"239,60/100,04",37,908,681,2,227,249,43,0,82,121,0,0,0,0,0,907
2020-11-08,18,"Wadowicki",3074,"192,12/148,06",25,679,2369,NA,275,136,148,NA,26,90,0,0,0,0,0,2399
2020-11-08,19,"Wielicki",1630,"126,22/29,66",27,1218,383,1,266,11,51,33,12,2,0,0,5,0,0,1249
2020-11-08,20,"M.kraków",17055,"218,90/69,49",201,11436,5414,33,469,315,266,62,60,13,0,36,34,32,0,15735
2020-11-08,21,"M.nowysacz",1917,"228,78/110,15",57,937,923,3,1442,65,166,NA,188,26,3,0,7,1,0,16
2020-11-08,22,"M.tarnów",1673,"154,24/92,19",30,643,1000,8,544,69,43,4,44,NA,NA,NA,NA,NA,NA,961
2020-11-09,1,"Bochenski",1873,"175,28/89,46",44,865,956,3,262,49,240,0,13,26,0,0,31,0,0,1249
2020-11-09,2,"Brzeski",1182,"126,82/74,36",23,464,693,3,38,92,19,36,2,0,0,0,0,21,0,971
2020-11-09,3,"Chrzanowski",1356,"108,88/65,92",14,521,821,1,40,27,25,2,16,4,NA,0,8,0,0,1233
2020-11-09,4,"Dabrowski",789,"133,34/69,96",16,359,414,2,67,40,28,32,7,3,0,0,0,0,0,610
2020-11-09,5,"Gorlicki",1557,"142,99/85,04",8,605,926,2,227,246,75,25,29,37,0,0,20,0,0,896
2020-11-09,6,"Krakowski",5189,"185,83/69,69",55,3186,1946,6,170,72,67,3,13,4,0,0,2,4,0,4848
2020-11-09,7,"Limanowski",2822,"214,17/105,11",35,1401,1385,0,520,100,63,0,11,12,0,0,0,0,1,2115
2020-11-09,8,"Miechowski",1141,"233,73/197,06",16,163,962,0,140,0,219,0,23,0,0,0,0,0,0,759
2020-11-09,9,"Myslenicki",3290,"257,84/87,54",29,2144,1117,0,348,191,142,27,117,44,3,0,4,0,0,2414
2020-11-09,10,"Nowosadecki",4223,"194,79/93,36",112,2087,2024,7,3357,136,78,2,421,97,0,0,20,1,0,104
2020-11-09,11,"Nowotarski",3286,"171,34/79,31",39,1705,1521,2,499,238,115,50,145,32,0,0,0,0,1,2204
2020-11-09,12,"Olkuski",1722,"154,83/50,35",38,1124,560,4,16,88,69,1,71,19,0,0,2,0,0,1452
2020-11-09,13,"Oswiecimski",1961,"127,76/82,09",39,662,1260,2,249,65,30,59,0,0,0,0,0,0,0,1556
2020-11-09,14,"Proszowicki",711,"164,50/73,34",9,385,317,2,10,20,127,0,6,0,0,0,0,0,0,546
2020-11-09,15,"Suski",2286,"271,39/91,18",30,1487,768,2,270,70,87,53,114,35,0,0,19,0,0,1636
2020-11-09,16,"Tarnowski",2240,"111,17/59,41",43,999,1197,6,788,31,89,0,58,0,0,0,0,0,0,1268
2020-11-09,17,"Tatrzanski",1681,"246,94/107,39",37,908,731,2,227,249,89,0,82,121,0,0,0,0,0,911
2020-11-09,18,"Wadowicki",3090,"193,12/142,87",29,774,2286,NA,275,136,153,0,26,90,0,0,0,0,0,2410
2020-11-09,19,"Wielicki",1783,"138,07/41,51",27,1218,536,1,266,11,51,33,12,2,0,0,5,0,0,1402
2020-11-09,20,"M.kraków",17908,"229,85/71,75",203,12111,5590,33,469,315,266,62,60,13,0,36,34,32,0,16588
2020-11-09,21,"M.nowysacz",1956,"233,43/111,70",57,963,936,3,1480,65,166,0,189,26,3,0,7,1,0,16
2020-11-09,22,"M.tarnów",1832,"168,89/98,92",30,729,1073,8,574,73,43,4,51,0,0,0,0,0,0,1079
2020-11-10,1,"Bochenski",1949,"182,39/96,48",45,865,1031,3,269,49,240,0,13,26,0,0,31,0,0,1318
2020-11-10,2,"Brzeski",1268,"136,05/77,15",23,524,719,3,38,92,19,36,2,0,0,0,0,21,0,1057
2020-11-10,3,"Chrzanowski",1409,"113,14/66,81",14,563,832,1,40,27,25,2,16,4,0,0,8,0,0,1286
2020-11-10,4,"Dabrowski",819,"138,41/67,09",19,403,397,2,69,40,28,32,7,3,0,0,0,0,0,638
2020-11-10,5,"Gorlicki",1635,"150,16/83,11",9,701,905,2,235,249,75,25,34,40,0,0,20,0,0,955
2020-11-10,6,"Krakowski",5513,"197,43/71,55",59,3454,1998,6,170,72,67,3,13,4,0,0,2,4,0,5172
2020-11-10,7,"Limanowski",2864,"217,36/106,33",39,1423,1401,0,520,100,66,0,11,12,0,0,0,0,1,2154
2020-11-10,8,"Miechowski",1161,"237,82/189,89",16,218,927,0,142,0,219,0,23,0,0,0,0,0,0,777
2020-11-10,9,"Myslenicki",3348,"262,38/91,14",32,2153,1163,0,348,193,143,28,117,44,3,0,4,0,0,2468
2020-11-10,10,"Nowosadecki",4354,"200,83/98,62",118,2098,2138,7,3475,137,89,2,422,97,0,0,20,1,0,104
2020-11-10,11,"Nowotarski",3353,"174,83/78,68",40,1783,1509,2,506,238,115,50,145,32,0,0,0,0,1,2264
2020-11-10,12,"Olkuski",1807,"162,48/50,89",40,1201,566,4,16,88,70,1,71,19,0,0,2,0,0,1536
2020-11-10,13,"Oswiecimski",2031,"132,32/86,65",39,662,1330,2,249,65,30,59,0,0,0,0,0,0,0,1626
2020-11-10,14,"Proszowicki",728,"168,43/63,86",9,443,276,2,10,20,127,0,6,0,0,0,0,0,0,563
2020-11-10,15,"Suski",2315,"274,84/81,44",31,1597,686,2,270,70,110,53,114,35,0,0,19,0,0,1642
2020-11-10,16,"Tarnowski",2412,"119,70/67,94",43,999,1369,6,813,31,94,0,58,0,0,0,0,0,0,1410
2020-11-10,17,"Tatrzanski",1711,"251,35/99,45",37,992,677,2,227,252,90,0,82,122,0,0,0,0,0,936
2020-11-10,18,"Wadowicki",3239,"202,43/152,18",29,774,2435,0,277,136,159,0,26,91,0,0,0,0,0,2550
2020-11-10,19,"Wielicki",1881,"145,66/42,98",29,1295,555,1,266,11,51,33,12,2,0,0,5,0,0,1500
2020-11-10,20,"M.kraków",18789,"241,16/81,77",208,12206,6371,33,469,315,266,62,60,13,0,36,34,32,0,17469
2020-11-10,21,"M.nowysacz",2001,"238,80/114,09",60,985,956,3,1524,65,167,0,189,26,3,0,7,1,0,16
2020-11-10,22,"M.tarnów",1988,"183,28/113,30",30,729,1229,8,604,73,47,4,51,0,0,0,0,0,0,1201
2020-11-11,1,"Bochenski",2055,"192,31/106,31",46,865,1136,3,269,49,240,0,13,26,0,0,31,0,0,1424
2020-11-11,2,"Brzeski",1368,"146,78/77,68",30,612,724,3,38,92,19,36,2,0,0,0,0,21,0,1157
2020-11-11,3,"Chrzanowski",1459,"117,15/67,93",14,599,846,1,40,27,25,2,16,4,0,0,8,0,0,1336
2020-11-11,4,"Dabrowski",845,"142,80/64,72",20,442,383,2,69,40,28,32,7,3,0,0,0,0,0,664
2020-11-11,5,"Gorlicki",1752,"160,90/85,41",9,793,930,2,252,257,76,27,42,42,0,0,20,0,NA,1034
2020-11-11,6,"Krakowski",6017,"215,48/89,49",60,3456,2499,6,170,75,68,3,13,4,0,0,2,4,0,5672
2020-11-11,7,"Limanowski",2874,"218,12/107,01",40,1423,1410,0,520,100,69,0,11,12,0,0,0,0,1,2161
2020-11-11,8,"Miechowski",1188,"243,35/195,42",16,218,954,0,143,0,219,0,23,0,0,0,0,0,0,803
2020-11-11,9,"Myslenicki",3538,"277,27/89,03",38,2364,1136,0,354,201,144,30,121,45,3,0,4,0,0,2636
2020-11-11,10,"Nowosadecki",4455,"205,49/100,92",119,2148,2188,7,3570,137,89,2,426,99,0,0,20,1,0,104
2020-11-11,11,"Nowotarski",3413,"177,96/78,94",45,1832,1514,2,511,238,116,50,145,32,0,0,0,0,1,2318
2020-11-11,12,"Olkuski",1930,"173,53/51,79",46,1308,576,4,16,88,70,1,71,19,0,0,2,0,0,1659
2020-11-11,13,"Oswiecimski",2091,"136,23/88,93",42,684,1365,2,249,65,30,59,0,0,0,0,0,0,0,1686
2020-11-11,14,"Proszowicki",740,"171,21/52,29",9,505,226,2,10,20,127,0,6,0,0,0,0,0,0,575
2020-11-11,15,"Suski",2396,"284,45/83,34",34,1659,702,2,270,70,110,53,114,35,0,0,19,0,0,1723
2020-11-11,16,"Tarnowski",2559,"127,00/71,12",46,1079,1433,6,861,33,97,0,58,0,0,0,0,0,0,1504
2020-11-11,17,"Tatrzanski",1728,"253,85/89,17",39,1077,607,2,227,254,92,0,84,123,0,0,0,0,0,946
2020-11-11,18,"Wadowicki",3385,"211,55/143,74",29,1055,2300,0,277,138,170,0,26,93,0,0,0,0,0,2681
2020-11-11,19,"Wielicki",1997,"154,64/25,17",29,1641,325,1,266,11,51,33,12,2,0,0,5,0,0,1616
2020-11-11,20,"M.kraków",19585,"251,37/83,26",214,12880,6487,33,469,338,279,62,60,13,0,36,34,32,0,18229
2020-11-11,21,"M.nowysacz",2062,"246,08/118,15",63,1009,990,3,1585,65,167,0,189,26,3,0,7,1,0,16
2020-11-11,22,"M.tarnów",2085,"192,22/101,87",31,949,1105,8,631,73,51,4,51,0,0,0,0,0,0,1267
2020-11-12,1,"Bochenski",2089,"195,49/109,49",46,865,1170,3,269,49,240,0,13,26,0,0,31,0,0,1458
2020-11-12,2,"Brzeski",1418,"152,14/83,05",30,612,774,3,38,92,19,36,2,0,0,0,0,21,0,1207
2020-11-12,3,"Chrzanowski",1506,"120,93/71,71",14,599,893,1,40,27,25,2,16,4,0,0,8,0,0,1383
2020-11-12,4,"Dabrowski",864,"146,01/67,94",20,442,402,2,69,40,28,32,7,3,0,0,0,0,0,683
2020-11-12,5,"Gorlicki",1801,"165,40/81,92",19,870,892,2,261,262,77,28,44,44,0,0,20,0,0,1063
2020-11-12,6,"Krakowski",6069,"217,34/84,05",63,3657,2347,6,170,82,70,3,13,4,0,0,2,4,0,5715
2020-11-12,7,"Limanowski",2893,"219,56/108,38",41,1423,1428,0,520,102,69,0,11,12,0,0,0,0,1,2178
2020-11-12,8,"Miechowski",1224,"250,73/197,67",16,243,965,0,147,0,219,0,23,0,0,0,0,0,0,835
2020-11-12,9,"Myslenicki",3591,"281,43/93,10",39,2364,1188,0,357,203,147,34,120,45,3,0,4,0,0,2678
2020-11-12,10,"Nowosadecki",4572,"210,89/103,69",119,2205,2248,7,3683,138,89,2,429,99,NA,NA,20,1,NA,104
2020-11-12,11,"Nowotarski",3445,"179,63/78,53",50,1867,1506,2,513,238,116,50,145,32,0,0,0,0,1,2348
2020-11-12,12,"Olkuski",2024,"181,99/60,24",46,1308,670,4,16,88,70,1,71,19,0,0,2,0,0,1753
2020-11-12,13,"Oswiecimski",2114,"137,73/90,43",42,684,1388,2,249,65,30,59,0,0,0,0,0,0,0,1709
2020-11-12,14,"Proszowicki",753,"174,22/42,80",9,559,185,2,10,20,127,0,6,0,0,0,0,0,0,588
2020-11-12,15,"Suski",2420,"287,30/81,32",34,1700,685,2,270,70,110,53,114,35,0,0,19,0,0,1747
2020-11-12,16,"Tarnowski",2636,"130,82/60,20",46,1376,1213,6,887,33,97,0,58,0,0,0,0,0,0,1555
2020-11-12,17,"Tatrzanski",1744,"256,20/91,52",39,1077,623,2,230,255,92,0,84,123,0,0,0,0,0,958
2020-11-12,18,"Wadowicki",3511,"219,43/151,62",29,1055,2426,0,282,139,180,0,26,93,0,0,0,0,0,2791
2020-11-12,19,"Wielicki",2075,"160,68/31,21",29,1641,403,1,266,11,51,33,12,2,0,0,5,0,0,1694
2020-11-12,20,"M.kraków",20590,"264,27/90,12",222,13343,7021,33,469,368,297,62,60,13,0,36,34,32,0,19186
2020-11-12,21,"M.nowysacz",2154,"257,06/122,80",63,1062,1029,3,1672,67,167,NA,192,26,3,NA,7,1,NA,16
2020-11-12,22,"M.tarnów",2161,"199,23/90,62",31,1147,983,8,651,73,51,4,51,NA,NA,NA,NA,NA,NA,1323
2020-11-13,1,"Bochenski",2182,"204,20/117,91",49,865,1260,3,274,49,240,0,13,26,0,0,31,0,0,1546
2020-11-13,2,"Brzeski",1505,"161,48/92,38",30,612,861,3,38,92,19,36,2,0,0,0,0,21,0,1294
2020-11-13,3,"Chrzanowski",1582,"127,03/77,81",14,599,969,1,40,27,25,2,16,4,0,0,8,0,0,1459
2020-11-13,4,"Dabrowski",888,"150,07/67,43",22,467,399,2,69,40,28,32,7,3,0,0,0,0,0,707
2020-11-13,5,"Gorlicki",1854,"170,27/86,60",20,870,943,2,266,265,85,28,45,44,0,0,20,0,0,1099
2020-11-13,6,"Krakowski",6492,"232,49/90,39",67,3899,2524,6,170,85,70,3,13,4,0,0,2,4,0,6135
2020-11-13,7,"Limanowski",2941,"223,20/109,97",41,1450,1449,0,530,102,69,0,11,12,0,0,0,0,1,2216
2020-11-13,8,"Miechowski",1252,"256,46/203,41",16,243,993,0,151,0,219,0,23,0,0,0,0,0,0,859
2020-11-13,9,"Myslenicki",3674,"287,93/98,98",42,2369,1263,0,359,205,148,34,123,45,3,0,4,0,0,2753
2020-11-13,10,"Nowosadecki",4677,"215,73/108,30",124,2205,2348,7,3787,138,89,2,429,99,0,0,20,1,0,105
2020-11-13,11,"Nowotarski",3504,"182,71/81,34",55,1867,1560,2,520,242,116,50,146,32,0,0,0,0,1,2395
2020-11-13,12,"Olkuski",2105,"189,27/64,11",46,1346,713,4,16,88,70,1,71,19,0,0,2,0,0,1834
2020-11-13,13,"Oswiecimski",2186,"142,42/94,80",47,684,1455,2,249,65,30,59,0,0,0,0,0,0,0,1781
2020-11-13,14,"Proszowicki",768,"177,69/46,27",9,559,200,2,10,20,127,0,6,0,0,0,0,0,0,603
2020-11-13,15,"Suski",2433,"288,85/75,62",40,1755,637,2,270,70,110,53,114,35,0,0,19,0,0,1760
2020-11-13,16,"Tarnowski",2767,"137,32/66,45",51,1376,1339,6,902,33,153,0,58,0,0,0,0,0,0,1615
2020-11-13,17,"Tatrzanski",1765,"259,28/94,31",42,1076,642,2,231,255,95,0,84,124,0,0,0,0,0,974
2020-11-13,18,"Wadowicki",3613,"225,80/148,68",31,1202,2379,0,284,141,189,0,26,93,0,0,0,0,0,2880
2020-11-13,19,"Wielicki",2286,"177,02/47,55",29,1641,614,1,266,11,51,33,12,2,0,0,5,0,0,1905
2020-11-13,20,"M.kraków",21015,"269,73/88,19",233,13907,6871,33,469,392,302,62,60,13,0,36,34,32,0,19582
2020-11-13,21,"M.nowysacz",2212,"263,98/129,48",65,1062,1085,3,1732,67,167,0,192,26,3,0,7,1,0,14
2020-11-13,22,"M.tarnów",2224,"205,03/95,69",39,1147,1038,8,674,73,51,4,51,0,0,0,0,0,0,1363
2020-11-14,1,"Bochenski",2298,"215,05/128,58",51,865,1374,3,280,49,240,0,13,26,0,0,31,0,0,1656
2020-11-14,2,"Brzeski",1557,"167,06/97,96",30,612,913,3,38,92,19,36,2,0,0,0,0,21,0,1346
2020-11-14,3,"Chrzanowski",1659,"133,21/83,99",14,599,1046,1,40,27,25,2,16,4,0,0,8,0,0,1536
2020-11-14,4,"Dabrowski",912,"154,12/71,32",24,466,422,2,71,40,28,32,7,3,0,0,0,0,0,729
2020-11-14,5,"Gorlicki",1891,"173,67/89,82",22,870,978,2,272,265,86,28,48,44,0,0,20,0,0,1126
2020-11-14,6,"Krakowski",6704,"240,08/90,03",75,4113,2514,6,170,91,70,3,13,4,0,0,2,4,0,6341
2020-11-14,7,"Limanowski",2954,"224,19/109,74",51,1456,1446,0,530,102,69,0,11,12,0,0,0,0,1,2229
2020-11-14,8,"Miechowski",1289,"264,04/210,99",16,243,1030,0,162,0,219,0,23,0,0,0,0,0,0,885
2020-11-14,9,"Myslenicki",3759,"294,59/105,56",43,2369,1347,0,360,206,148,38,123,45,3,0,4,0,0,2832
2020-11-14,10,"Nowosadecki",4810,"221,87/111,44",127,2267,2416,7,3904,138,91,2,440,100,0,0,20,1,0,107
2020-11-14,11,"Nowotarski",3549,"185,05/83,38",61,1866,1599,2,525,243,116,50,147,32,0,0,0,0,1,2433
2020-11-14,12,"Olkuski",2167,"194,84/69,32",50,1346,771,4,16,88,70,1,71,19,0,0,2,0,0,1896
2020-11-14,13,"Oswiecimski",2285,"148,87/100,99",51,684,1550,2,249,65,30,59,0,0,0,0,0,0,0,1880
2020-11-14,14,"Proszowicki",789,"182,55/48,12",9,572,208,2,10,20,127,0,8,0,0,0,0,0,0,622
2020-11-14,15,"Suski",2520,"299,17/85,95",40,1755,724,2,270,70,110,53,114,35,0,0,19,0,0,1847
2020-11-14,16,"Tarnowski",2864,"142,14/71,27",51,1376,1436,6,932,33,153,0,64,0,0,0,0,0,0,1676
2020-11-14,17,"Tatrzanski",1780,"261,49/80,80",46,1179,550,2,231,256,95,0,85,124,0,0,0,0,0,987
2020-11-14,18,"Wadowicki",3686,"230,37/152,81",39,1201,2445,0,284,142,197,0,26,95,0,0,0,0,0,2942
2020-11-14,19,"Wielicki",2520,"195,14/52,43",35,1806,677,1,266,11,51,33,12,2,0,0,5,0,0,2139
2020-11-14,20,"M.kraków",21593,"277,15/88,10",255,14470,6864,33,469,465,314,89,60,13,0,36,34,32,0,20048
2020-11-14,21,"M.nowysacz",2247,"268,16/126,62",66,1120,1061,3,1766,67,167,0,193,26,3,0,7,1,0,14
2020-11-14,22,"M.tarnów",2294,"211,49/102,15",39,1147,1108,8,694,73,51,4,51,0,0,0,0,0,0,1413
2020-11-15,1,"Bochenski",2362,"221,04/111,27",51,1114,1189,3,284,49,240,0,13,26,0,0,31,0,0,1716
2020-11-15,2,"Brzeski",1622,"174,03/92,81",39,716,865,3,38,92,19,36,2,0,0,0,0,21,0,1411
2020-11-15,3,"Chrzanowski",1730,"138,92/87,52",14,626,1090,1,40,27,25,2,16,4,0,0,8,0,0,1607
2020-11-15,4,"Dabrowski",928,"156,83/56,95",25,566,337,2,76,40,28,32,7,3,0,0,0,0,0,740
2020-11-15,5,"Gorlicki",1911,"175,50/88,26",22,906,961,2,282,265,86,28,48,44,0,0,20,0,0,1136
2020-11-15,6,"Krakowski",6929,"248,14/97,98",75,4116,2736,6,170,91,70,3,13,4,0,0,2,4,0,6566
2020-11-15,7,"Limanowski",2992,"227,07/112,63",51,1456,1484,0,536,102,69,0,11,12,0,0,0,0,1,2261
2020-11-15,8,"Miechowski",1339,"274,28/221,03",17,243,1079,0,176,0,219,0,23,0,0,0,0,0,0,921
2020-11-15,9,"Myslenicki",3801,"297,88/108,86",43,2369,1389,0,364,206,148,38,123,45,3,0,4,0,0,2870
2020-11-15,10,"Nowosadecki",4901,"226,07/115,59",128,2267,2506,7,3989,139,91,2,444,100,0,0,20,1,0,108
2020-11-15,11,"Nowotarski",3568,"186,04/82,07",62,1909,1574,2,526,244,116,50,147,32,0,0,0,0,1,2450
2020-11-15,12,"Olkuski",2218,"199,43/71,12",53,1374,791,4,16,88,70,1,71,19,0,0,2,0,0,1947
2020-11-15,13,"Oswiecimski",2365,"154,09/106,20",51,684,1630,2,249,65,30,59,0,0,0,0,0,0,0,1960
2020-11-15,14,"Proszowicki",800,"185,09/46,50",10,589,201,2,10,20,127,0,8,0,0,0,0,0,0,633
2020-11-15,15,"Suski",2544,"302,02/88,56",44,1753,746,2,270,70,110,53,114,35,0,0,19,0,0,1871
2020-11-15,16,"Tarnowski",2928,"145,31/74,24",55,1376,1496,6,956,33,156,0,65,0,0,0,0,0,0,1712
2020-11-15,17,"Tatrzanski",1792,"263,25/81,24",47,1187,553,2,231,257,95,0,85,124,0,0,0,0,0,998
2020-11-15,18,"Wadowicki",3733,"233,30/155,62",41,1201,2490,0,284,143,197,0,26,95,0,0,0,0,0,2988
2020-11-15,19,"Wielicki",2776,"214,97/58,70",35,1981,758,1,266,11,51,33,12,2,0,0,5,0,0,2395
2020-11-15,20,"M.kraków",22121,"283,92/94,70",256,14483,7378,33,469,465,314,89,60,13,0,36,34,32,0,20576
2020-11-15,21,"M.nowysacz",2268,"270,66/129,13",66,1120,1082,3,1785,67,167,0,194,26,3,0,7,1,0,15
2020-11-15,22,"M.tarnów",2358,"217,39/107,77",42,1147,1169,8,719,73,51,4,56,0,0,0,0,0,0,1447
2020-11-16,1,"Bochenski",2398,"224,41/75,90",53,1526,811,3,295,49,240,0,13,26,0,0,31,0,0,1741
2020-11-16,2,"Brzeski",1644,"176,39/67,92",39,970,633,3,38,92,19,36,2,0,0,0,0,21,0,1433
2020-11-16,3,"Chrzanowski",1787,"143,49/90,74",14,643,1130,1,40,27,25,2,16,4,0,0,8,0,0,1664
2020-11-16,4,"Dabrowski",937,"158,35/58,47",25,566,346,2,76,40,28,32,7,3,0,0,0,0,0,749
2020-11-16,5,"Gorlicki",1917,"176,06/88,72",22,907,966,2,282,266,86,28,48,44,0,0,20,0,0,1141
2020-11-16,6,"Krakowski",7067,"253,08/96,76",75,4288,2702,6,170,96,72,3,13,4,0,0,2,4,0,6697
2020-11-16,7,"Limanowski",3026,"229,65/108,91",51,1539,1435,0,542,102,69,0,11,12,0,0,0,0,1,2289
2020-11-16,8,"Miechowski",1389,"284,53/231,27",17,243,1129,0,183,0,219,0,23,0,0,0,0,0,0,964
2020-11-16,9,"Myslenicki",3833,"300,39/98,04",43,2539,1251,0,366,206,149,38,123,45,3,0,4,0,0,2899
2020-11-16,10,"Nowosadecki",4957,"228,65/118,18",128,2267,2562,7,4035,140,91,2,445,105,0,0,20,1,0,111
2020-11-16,11,"Nowotarski",3591,"187,24/80,25",62,1967,1539,2,528,247,116,51,147,32,0,0,0,0,1,2467
2020-11-16,12,"Olkuski",2244,"201,77/65,46",54,1462,728,4,16,88,70,1,71,19,0,0,2,0,0,1973
2020-11-16,13,"Oswiecimski",2403,"156,56/108,67",51,684,1668,2,249,65,30,59,0,0,0,0,0,0,0,1998
2020-11-16,14,"Proszowicki",807,"186,71/47,89",11,589,207,2,10,20,127,0,8,0,0,0,0,0,0,640
2020-11-16,15,"Suski",2545,"302,14/80,14",44,1825,675,2,270,70,110,53,114,35,0,0,19,0,0,1872
2020-11-16,16,"Tarnowski",2978,"147,79/74,39",56,1422,1499,6,978,33,156,0,65,0,0,0,0,0,0,1740
2020-11-16,17,"Tatrzanski",1796,"263,84/59,94",47,1336,408,2,231,257,95,0,85,124,0,0,0,0,0,1002
2020-11-16,18,"Wadowicki",3777,"236,05/139,43",41,1504,2231,0,284,143,204,0,26,95,0,0,0,0,0,3025
2020-11-16,19,"Wielicki",3042,"235,57/79,14",35,1983,1022,1,266,11,51,33,12,2,0,0,5,0,0,2661
2020-11-16,20,"M.kraków",22440,"288,02/91,85",256,15024,7156,33,469,487,315,89,60,13,0,36,34,32,0,20872
2020-11-16,21,"M.nowysacz",2310,"275,68/134,14",66,1120,1124,3,1823,67,168,0,196,26,3,0,7,1,0,16
2020-11-16,22,"M.tarnów",2393,"220,61/101,13",42,1254,1097,8,727,73,51,4,56,0,0,0,0,0,0,1474
2020-11-17,1,"Bochenski",2460,"230,21/81,32",57,1526,869,3,302,49,240,0,13,26,0,0,31,0,0,1796
2020-11-17,2,"Brzeski",1757,"188,52/80,04",39,970,746,3,38,92,19,36,2,0,0,0,0,21,0,1546
2020-11-17,3,"Chrzanowski",1870,"150,16/93,47",15,691,1164,1,40,27,25,2,16,4,0,0,8,0,0,1747
2020-11-17,4,"Dabrowski",966,"163,25/58,81",30,588,348,2,76,40,28,32,7,3,0,0,0,0,0,778
2020-11-17,5,"Gorlicki",1960,"180,00/87,71",22,961,955,2,293,267,81,28,48,46,0,0,20,0,0,1175
2020-11-17,6,"Krakowski",7227,"258,81/85,12",76,4772,2377,6,170,105,78,3,13,4,0,0,2,4,0,6842
2020-11-17,7,"Limanowski",3041,"230,79/106,63",52,1583,1405,0,544,102,70,0,11,12,0,0,0,0,1,2301
2020-11-17,8,"Miechowski",1456,"298,25/216,31",17,383,1056,0,193,0,219,0,23,0,0,0,0,0,0,1021
2020-11-17,9,"Myslenicki",3917,"306,97/83,39",44,2809,1064,0,369,208,150,38,124,45,3,0,4,0,0,2976
2020-11-17,10,"Nowosadecki",5069,"233,81/120,57",134,2321,2614,7,4134,140,91,2,453,105,0,0,20,1,0,116
2020-11-17,11,"Nowotarski",3625,"189,02/78,84",64,2024,1512,2,532,247,116,51,150,32,0,0,0,0,1,2494
2020-11-17,12,"Olkuski",2272,"204,29/42,26",58,1744,470,4,16,88,70,1,71,19,0,0,2,0,0,2001
2020-11-17,13,"Oswiecimski",2458,"160,14/112,26",51,684,1723,2,249,65,30,59,0,0,0,0,0,0,0,2053
2020-11-17,14,"Proszowicki",812,"187,87/32,16",11,662,139,2,10,20,127,0,8,0,0,0,0,0,0,645
2020-11-17,15,"Suski",2558,"303,69/64,46",45,1969,543,2,270,70,110,53,114,35,0,0,19,0,0,1885
2020-11-17,16,"Tarnowski",3059,"151,81/78,41",56,1422,1580,6,994,33,180,0,65,0,0,0,0,0,0,1781
2020-11-17,17,"Tatrzanski",1801,"264,57/60,52",48,1336,412,2,231,257,95,0,85,124,0,0,0,0,0,1007
2020-11-17,18,"Wadowicki",3836,"239,74/122,68",41,1831,1963,0,284,145,204,0,26,95,0,0,0,0,0,3082
2020-11-17,19,"Wielicki",3302,"255,70/85,88",35,2156,1109,1,266,11,51,33,12,2,0,0,5,0,0,2921
2020-11-17,20,"M.kraków",22716,"291,56/78,45",263,16337,6112,33,469,561,336,89,60,13,0,36,34,32,0,21053
2020-11-17,21,"M.nowysacz",2371,"282,96/138,20",71,1142,1158,3,1883,67,168,0,197,26,3,0,7,1,0,16
2020-11-17,22,"M.tarnów",2472,"227,90/108,42",42,1254,1176,8,739,73,51,4,56,0,0,0,0,0,0,1541
2020-11-18,1,"Bochenski",2528,"236,58/87,59",58,1526,936,3,302,49,243,0,13,26,0,0,31,0,0,1861
2020-11-18,2,"Brzeski",1783,"191,31/81,12",55,970,756,3,38,92,19,36,2,0,0,0,0,21,0,1572
2020-11-18,3,"Chrzanowski",1975,"158,59/92,18",16,811,1148,1,40,27,25,2,16,4,0,0,8,0,0,1852
2020-11-18,4,"Dabrowski",992,"167,64/56,61",30,627,335,2,76,40,28,32,7,3,0,0,0,0,0,804
2020-11-18,5,"Gorlicki",2004,"184,05/89,45",25,981,974,2,302,268,81,28,48,46,0,0,20,0,0,1209
2020-11-18,6,"Krakowski",7290,"261,07/63,92",77,5426,1785,6,170,163,79,3,13,4,0,0,2,4,0,6846
2020-11-18,7,"Limanowski",3052,"231,63/102,23",57,1647,1347,0,544,102,70,0,11,12,0,0,0,0,1,2312
2020-11-18,8,"Miechowski",1478,"302,76/199,93",19,483,976,0,198,0,219,0,23,0,0,0,0,0,0,1038
2020-11-18,9,"Myslenicki",3977,"311,68/87,93",46,2809,1122,0,372,211,150,38,125,45,3,0,4,0,0,3029
2020-11-18,10,"Nowosadecki",5223,"240,92/127,54",137,2321,2765,7,4282,142,92,2,454,105,0,0,20,1,0,118
2020-11-18,11,"Nowotarski",3658,"190,74/76,96",64,2093,1476,2,532,248,116,51,150,32,0,0,0,0,1,2526
2020-11-18,12,"Olkuski",2382,"214,18/31,83",60,1968,354,4,16,98,70,1,71,19,0,0,2,0,0,2101
2020-11-18,13,"Oswiecimski",2573,"167,64/119,75",51,684,1838,2,249,65,30,59,0,0,0,0,0,0,0,2168
2020-11-18,14,"Proszowicki",827,"191,34/35,63",11,662,154,2,10,20,127,0,8,0,0,0,0,0,0,660
2020-11-18,15,"Suski",2618,"310,81/67,08",49,2003,565,2,270,70,122,53,114,35,0,0,19,0,0,1933
2020-11-18,16,"Tarnowski",3104,"154,05/74,49",61,1541,1501,6,994,33,180,0,65,0,0,0,0,0,0,1826
2020-11-18,17,"Tatrzanski",1817,"266,92/59,35",49,1359,404,2,231,258,95,0,85,124,0,0,0,0,0,1022
2020-11-18,18,"Wadowicki",3881,"242,55/114,31",45,2006,1829,0,284,145,204,0,26,95,0,0,0,0,0,3127
2020-11-18,19,"Wielicki",3567,"276,22/92,93",43,2321,1200,1,266,11,51,33,12,2,0,0,5,0,0,3186
2020-11-18,20,"M.kraków",22979,"294,94/62,12",275,17860,4840,33,469,570,359,89,60,13,0,36,34,32,0,21284
2020-11-18,21,"M.nowysacz",2392,"285,46/140,46",73,1142,1177,3,1898,68,168,NA,198,26,3,0,7,1,0,20
2020-11-18,22,"M.tarnów",2513,"231,68/99,11",43,1395,1075,8,739,73,51,4,56,0,0,0,0,0,0,1582
2020-11-19,1,"Bochenski",2574,"240,88/91,90",58,1526,982,3,303,49,243,0,13,26,0,0,31,0,0,1906
2020-11-19,2,"Brzeski",1849,"198,39/81,97",55,1028,764,3,38,92,19,36,2,0,0,0,0,21,0,1638
2020-11-19,3,"Chrzanowski",2083,"167,26/97,56",19,849,1215,1,40,27,30,23,16,4,0,0,8,0,0,1934
2020-11-19,4,"Dabrowski",1013,"171,19/53,57",30,666,317,2,78,40,28,32,7,3,0,0,0,0,0,823
2020-11-19,5,"Gorlicki",2077,"190,75/75,49",28,1201,822,2,312,269,81,28,52,46,0,0,20,0,0,1267
2020-11-19,6,"Krakowski",7425,"265,90/64,21",79,5551,1793,6,170,167,122,3,13,4,0,0,2,4,0,6934
2020-11-19,7,"Limanowski",3067,"232,76/88,72",58,1839,1169,0,546,102,70,0,11,12,0,0,0,0,1,2325
2020-11-19,8,"Miechowski",1509,"309,11/193,58",21,543,945,0,203,0,219,0,23,0,0,0,0,0,0,1064
2020-11-19,9,"Myslenicki",4015,"314,66/68,34",47,3096,872,0,374,213,150,38,127,45,3,0,4,0,0,3061
2020-11-19,10,"Nowosadecki",5335,"246,08/129,52",145,2382,2808,7,4390,143,92,2,455,105,0,0,20,1,0,120
2020-11-19,11,"Nowotarski",3702,"193,03/74,82",70,2170,1435,2,533,249,116,51,153,32,0,0,0,0,1,2565
2020-11-19,12,"Olkuski",2424,"217,95/33,72",60,1989,375,4,16,126,70,1,71,19,0,0,2,0,0,2115
2020-11-19,13,"Oswiecimski",2751,"179,23/128,68",54,722,1975,2,249,65,30,59,0,0,0,0,0,0,0,2346
2020-11-19,14,"Proszowicki",842,"194,81/31,00",12,696,134,2,10,20,127,0,8,0,0,0,0,0,0,675
2020-11-19,15,"Suski",2635,"312,83/62,80",50,2055,529,2,270,70,122,53,114,35,0,0,19,0,0,1950
2020-11-19,16,"Tarnowski",3164,"157,02/76,63",78,1541,1544,6,1003,33,195,0,65,0,0,0,0,0,0,1862
2020-11-19,17,"Tatrzanski",1820,"267,36/47,74",51,1439,325,2,231,258,95,0,85,124,0,0,0,0,0,1025
2020-11-19,18,"Wadowicki",3941,"246,30/95,62",46,2364,1530,0,286,145,205,0,26,96,0,0,0,0,0,3183
2020-11-19,19,"Wielicki",3827,"296,35/72,48",46,2842,936,1,266,11,51,33,12,2,0,0,5,0,0,3446
2020-11-19,20,"M.kraków",23256,"298,49/58,58",282,18406,4564,33,469,602,373,104,60,13,0,36,34,32,0,21500
2020-11-19,21,"M.nowysacz",2421,"288,92/136,53",77,1200,1144,3,1927,68,168,0,198,26,3,0,7,1,0,20
2020-11-19,22,"M.tarnów",2553,"235,36/101,50",57,1395,1101,8,736,73,58,4,56,0,0,0,0,0,0,1618
2020-11-20,1,"Bochenski",2615,"244,72/95,64",59,1526,1022,3,305,49,244,0,13,26,0,0,31,0,0,1944
2020-11-20,2,"Brzeski",1895,"203,32/66,84",57,1213,623,3,38,92,19,36,2,0,0,0,0,21,0,1684
2020-11-20,3,"Chrzanowski",2192,"176,01/98,93",41,919,1232,1,40,27,31,23,16,4,0,0,8,0,0,2042
2020-11-20,4,"Dabrowski",1030,"174,06/51,04",32,696,302,2,81,40,28,32,7,3,0,0,0,0,0,837
2020-11-20,5,"Gorlicki",2108,"193,60/66,95",29,1322,729,2,320,270,81,28,54,46,0,0,20,0,0,1287
2020-11-20,6,"Krakowski",7698,"275,68/64,78",85,5802,1809,6,170,172,161,3,13,4,0,0,2,4,0,7163
2020-11-20,7,"Limanowski",3115,"236,41/92,36",58,1839,1217,0,558,102,70,0,11,12,0,0,0,0,1,2361
2020-11-20,8,"Miechowski",1531,"313,61/177,39",22,643,866,0,212,0,219,0,23,0,0,0,0,0,0,1077
2020-11-20,9,"Myslenicki",4061,"318,26/62,15",49,3219,793,0,377,215,151,38,129,45,3,0,4,0,0,3099
2020-11-20,10,"Nowosadecki",5368,"247,61/128,09",148,2443,2777,7,4423,143,92,2,455,105,0,0,20,1,0,120
2020-11-20,11,"Nowotarski",3735,"194,75/73,73",84,2210,1414,2,533,253,116,51,153,32,0,0,0,0,1,2594
2020-11-20,12,"Olkuski",2482,"223,17/35,70",60,2025,397,4,16,126,70,1,71,19,0,0,2,0,0,2173
2020-11-20,13,"Oswiecimski",2887,"188,10/124,51",58,918,1911,2,249,65,30,59,0,0,0,0,0,0,0,2482
2020-11-20,14,"Proszowicki",860,"198,97/34,01",12,701,147,2,10,20,127,0,8,0,0,0,0,0,0,693
2020-11-20,15,"Suski",2737,"324,94/67,08",50,2121,565,2,270,70,122,53,114,35,0,0,19,0,0,2052
2020-11-20,16,"Tarnowski",3218,"159,70/74,34",81,1638,1498,6,1016,33,199,0,65,0,0,0,0,0,0,1899
2020-11-20,17,"Tatrzanski",1830,"268,83/41,13",51,1494,280,2,233,258,96,0,85,124,0,0,0,0,0,1032
2020-11-20,18,"Wadowicki",4025,"251,55/90,56",46,2529,1449,0,286,146,205,0,26,96,0,0,0,0,0,3266
2020-11-20,19,"Wielicki",4076,"315,64/90,14",46,2863,1164,1,266,11,51,33,12,2,0,0,5,0,0,3695
2020-11-20,20,"M.kraków",23796,"305,42/57,48",296,19018,4478,33,469,620,376,104,60,13,0,36,34,32,0,22019
2020-11-20,21,"M.nowysacz",2428,"289,76/132,11",79,1242,1107,3,1933,69,168,NA,198,26,3,0,7,1,0,20
2020-11-20,22,"M.tarnów",2595,"239,24/82,14",57,1647,891,8,751,73,58,11,56,0,0,0,0,0,0,1638
2020-11-21,1,"Bochenski",2773,"259,50/110,33",60,1526,1179,3,304,49,244,0,13,26,0,0,31,0,0,2103
2020-11-21,2,"Brzeski",1940,"208,15/71,67",57,1213,668,3,38,92,19,36,2,0,0,0,0,21,0,1729
2020-11-21,3,"Chrzanowski",2302,"184,85/102,62",47,977,1278,1,40,27,31,23,16,4,0,0,8,0,0,2152
2020-11-21,4,"Dabrowski",1048,"177,10/50,70",32,716,300,2,85,40,28,32,7,3,0,0,0,0,0,851
2020-11-21,5,"Gorlicki",2136,"196,17/56,30",30,1464,613,2,323,269,81,28,54,46,0,0,20,0,0,1313
2020-11-21,6,"Krakowski",7991,"286,17/65,75",87,6066,1836,6,170,188,203,3,13,4,0,0,2,4,0,7398
2020-11-21,7,"Limanowski",3137,"238,08/90,62",59,1883,1194,0,562,102,78,0,11,12,0,0,0,0,1,2371
2020-11-21,8,"Miechowski",1557,"318,94/167,77",25,713,819,0,218,0,219,14,23,0,0,0,0,0,0,1083
2020-11-21,9,"Myslenicki",4149,"325,16/51,57",49,3442,658,0,381,213,158,38,130,45,3,0,4,0,0,3177
2020-11-21,10,"Nowosadecki",5440,"250,93/128,37",153,2504,2783,7,4493,144,93,2,456,105,0,0,20,1,0,119
2020-11-21,11,"Nowotarski",3755,"195,80/73,78",98,2215,1415,2,533,256,116,51,153,32,0,0,0,0,1,2611
2020-11-21,12,"Olkuski",2581,"232,07/35,79",63,2120,398,4,16,126,70,1,71,19,0,0,2,0,0,2272
2020-11-21,13,"Oswiecimski",3003,"195,65/130,89",76,918,2009,2,249,65,30,59,0,0,0,0,0,0,0,2598
2020-11-21,14,"Proszowicki",875,"202,44/33,55",13,717,145,2,10,20,127,0,8,0,0,0,0,0,0,708
2020-11-21,15,"Suski",2762,"327,90/65,65",51,2157,553,2,270,70,122,53,114,35,0,0,19,0,0,2077
2020-11-21,16,"Tarnowski",3290,"163,28/67,64",81,1845,1363,6,1029,33,206,0,65,0,0,0,0,0,0,1951
2020-11-21,17,"Tatrzanski",1844,"270,89/37,75",53,1529,257,2,233,259,96,0,85,124,0,0,0,0,0,1045
2020-11-21,18,"Wadowicki",4069,"254,30/82,00",48,2708,1312,0,286,146,205,0,26,96,0,0,0,0,0,3310
2020-11-21,19,"Wielicki",4291,"332,29/76,51",53,3247,988,1,266,11,61,33,12,2,0,0,5,0,0,3900
2020-11-21,20,"M.kraków",24452,"313,84/59,91",318,19462,4668,33,469,686,382,104,60,13,0,36,34,32,0,22603
2020-11-21,21,"M.nowysacz",2453,"292,74/129,25",80,1290,1083,3,1960,69,168,0,200,26,3,0,7,1,0,16
2020-11-21,22,"M.tarnów",2647,"244,03/86,94",57,1647,943,8,764,73,58,11,56,0,0,0,0,0,0,1677
2020-11-22,1,"Bochenski",2863,"267,93/118,76",60,1526,1269,3,305,49,244,0,13,26,0,0,31,0,0,2192
2020-11-22,2,"Brzeski",1948,"209,01/68,99",57,1246,643,3,38,92,19,36,2,0,0,0,0,21,0,1737
2020-11-22,3,"Chrzanowski",2361,"189,58/102,62",47,1036,1278,1,40,27,31,23,16,4,0,0,8,0,0,2211
2020-11-22,4,"Dabrowski",1049,"177,27/46,64",32,741,276,2,85,40,28,32,7,3,0,0,0,0,0,852
2020-11-22,5,"Gorlicki",2157,"198,10/46,56",30,1591,507,2,323,269,81,28,54,46,0,0,20,0,0,1334
2020-11-22,6,"Krakowski",8272,"296,23/69,22",91,6246,1933,6,170,189,203,3,13,4,0,0,2,4,0,7678
2020-11-22,7,"Limanowski",3160,"239,82/88,57",59,1933,1167,0,564,102,78,0,11,12,0,0,0,0,1,2392
2020-11-22,8,"Miechowski",1586,"324,88/158,75",28,783,775,0,229,0,219,14,23,0,0,0,0,0,0,1101
2020-11-22,9,"Myslenicki",4181,"327,66/49,22",50,3503,628,0,382,216,158,38,132,45,3,0,4,0,0,3203
2020-11-22,10,"Nowosadecki",5495,"253,46/128,28",153,2561,2781,7,4542,144,98,2,457,105,0,0,20,1,0,119
2020-11-22,11,"Nowotarski",3771,"196,63/73,89",107,2220,1417,2,534,258,116,51,153,32,0,0,0,0,1,2624
2020-11-22,12,"Olkuski",2635,"236,92/33,90",63,2195,377,4,16,126,70,1,71,19,0,0,2,0,0,2326
2020-11-22,13,"Oswiecimski",3077,"200,47/135,71",76,918,2083,2,249,65,63,59,0,0,0,0,0,0,0,2639
2020-11-22,14,"Proszowicki",886,"204,99/31,93",14,734,138,2,10,20,127,0,8,0,0,0,0,0,0,719
2020-11-22,15,"Suski",2815,"334,20/68,03",51,2190,573,2,270,70,122,53,114,35,0,0,19,0,0,2130
2020-11-22,16,"Tarnowski",3273,"162,43/66,50",81,1851,1340,6,1041,33,206,0,65,0,0,0,0,0,0,1922
2020-11-22,17,"Tatrzanski",1850,"271,77/36,43",53,1544,248,2,233,259,97,0,85,124,0,0,0,0,0,1050
2020-11-22,18,"Wadowicki",4101,"256,30/73,43",51,2874,1175,0,286,146,205,0,26,96,0,0,0,0,0,3342
2020-11-22,19,"Wielicki",4475,"346,53/64,27",53,3589,830,1,266,11,61,33,12,2,0,0,5,0,0,4084
2020-11-22,20,"M.kraków",24879,"319,32/59,07",335,19938,4602,33,469,688,382,104,60,13,0,36,34,32,0,23028
2020-11-22,21,"M.nowysacz",2473,"295,13/125,43",80,1342,1051,3,1977,69,169,NA,202,26,3,0,7,1,0,16
2020-11-22,22,"M.tarnów",2632,"242,65/80,11",57,1706,869,8,780,73,58,11,56,0,0,0,0,0,0,1646
2020-11-23,1,"Bochenski",2965,"277,47/128,30",60,1526,1371,3,307,49,283,0,13,26,0,0,31,0,0,2253
2020-11-23,2,"Brzeski",1948,"209,01/68,99",57,1246,643,3,38,92,19,36,2,0,0,0,0,21,0,1737
2020-11-23,3,"Chrzanowski",2404,"193,04/103,58",49,1065,1290,1,40,27,31,23,16,4,0,0,8,0,0,2254
2020-11-23,4,"Dabrowski",1051,"177,61/44,11",32,758,261,2,86,40,28,32,7,3,0,0,0,0,0,853
2020-11-23,5,"Gorlicki",2184,"200,58/41,33",30,1675,450,2,323,269,81,28,54,46,0,0,20,0,0,1361
2020-11-23,6,"Krakowski",8387,"300,35/66,57",96,6430,1859,6,170,189,203,3,13,4,0,0,2,4,0,7793
2020-11-23,7,"Limanowski",3189,"242,02/90,77",59,1933,1196,0,570,102,78,0,11,12,0,0,0,0,1,2415
2020-11-23,8,"Miechowski",1613,"330,41/143,80",28,883,702,0,234,0,219,14,23,0,0,0,0,0,0,1123
2020-11-23,9,"Myslenicki",4207,"329,70/45,06",50,3582,575,0,382,216,158,38,133,45,3,0,4,0,0,3228
2020-11-23,10,"Nowosadecki",5510,"254,16/126,89",154,2605,2751,7,4557,144,98,2,457,105,0,0,20,1,0,119
2020-11-23,11,"Nowotarski",3784,"197,31/73,89",116,2224,1417,2,534,259,116,51,154,32,0,0,0,0,1,2635
2020-11-23,12,"Olkuski",2690,"241,87/34,17",63,2247,380,4,16,126,70,1,71,19,0,0,2,0,0,2381
2020-11-23,13,"Oswiecimski",3142,"204,71/139,95",76,918,2148,2,249,65,63,59,0,0,0,0,0,0,0,2704
2020-11-23,14,"Proszowicki",891,"206,15/31,70",14,740,137,2,10,20,127,0,8,0,0,0,0,0,0,724
2020-11-23,15,"Suski",2850,"338,35/61,26",51,2282,516,2,270,70,122,53,114,35,0,0,19,0,0,2165
2020-11-23,16,"Tarnowski",3301,"163,82/52,16",81,2168,1051,6,1048,33,206,0,65,0,0,0,0,0,0,1943
2020-11-23,17,"Tatrzanski",1853,"272,21/34,52",53,1560,235,2,233,259,97,0,85,124,0,0,0,0,0,1053
2020-11-23,18,"Wadowicki",4126,"257,87/63,75",51,3054,1020,0,286,146,205,0,26,96,0,0,0,0,0,3367
2020-11-23,19,"Wielicki",4654,"360,40/70,70",57,3681,913,1,266,11,61,33,12,2,0,0,5,0,0,4263
2020-11-23,20,"M.kraków",25464,"326,83/61,51",347,20321,4792,33,469,688,382,104,60,13,0,36,34,32,0,23613
2020-11-23,21,"M.nowysacz",2485,"296,56/120,41",80,1396,1009,3,1989,69,169,0,202,26,3,0,7,1,0,16
2020-11-23,22,"M.tarnów",2642,"243,57/64,63",57,1884,701,8,780,73,58,11,56,0,0,0,0,0,0,1656
